,1,2,3,4,5,6,7,8,9,10,11,12
Adonai_Malakh_12TET,100.0,200.0,300.0,500.0,700.0,900.0,1000.0,1200.0,,,,
Aeolian_Flat_1_12TET,300.0,400.0,600.0,800.0,900.0,1100.0,1200.0,,,,,
Algerian_12TET,200.0,300.0,500.0,600.0,700.0,800.0,1100.0,1200.0,,,,
Altered_Pentatonic_12TET,100.0,500.0,700.0,900.0,1200.0,,,,,,,
Anasazi-7_12TET,200.0,300.0,400.0,700.0,900.0,1000.0,1100.0,1200.0,,,,
Anasazi_12TET,200.0,300.0,400.0,700.0,900.0,1100.0,1200.0,,,,,
Anchi_Hoy_24TET,100.0,500.0,650.0,950.0,1200.0,,,,,,,
Arabian_12TET,200.0,400.0,500.0,600.0,800.0,1000.0,1200.0,,,,,
Arabic_Diatonic_24TET,200.0,350.0,500.0,700.0,900.0,1050.0,1200.0,,,,,
Augmented_12TET,300.0,400.0,600.0,800.0,1100.0,1200.0,,,,,,
Augmented_Major_Seventh_12TET,400.0,800.0,1100.0,1200.0,,,,,,,,
Augmented_Seventh_12TET,400.0,800.0,1000.0,1200.0,,,,,,,,
Bacovia_12TET,400.0,500.0,800.0,1100.0,1200.0,,,,,,,
Balanced_Tritonic_12TET,400.0,800.0,1200.0,,,,,,,,,
Banshikicho_12TET,200.0,300.0,400.0,700.0,900.0,1000.0,1200.0,,,,,
Bebop_Major_12TET,200.0,400.0,500.0,700.0,800.0,900.0,1100.0,1200.0,,,,
Bebop_Minor_12TET,200.0,300.0,400.0,500.0,700.0,900.0,1000.0,1200.0,,,,
Bem_Pengenter_Pelog7,122.0,571.0,677.0,947.0,1200.0,,,,,,,
Bhavani_12TET,200.0,500.0,900.0,1200.0,,,,,,,,
Bhavapriya_12TET,100.0,300.0,600.0,700.0,800.0,1000.0,1200.0,,,,,
Bi_Yu_12TET,300.0,700.0,1000.0,1200.0,,,,,,,,
Bilwadala_12TET,400.0,900.0,1200.0,,,,,,,,,
Blues_6-Tone_12TET,300.0,500.0,600.0,700.0,1000.0,1200.0,,,,,,
Blues_7-Tone_12TET,300.0,500.0,600.0,700.0,1000.0,1100.0,1200.0,,,,,
Blues_8-Tone_12TET,200.0,300.0,500.0,600.0,700.0,900.0,1000.0,1200.0,,,,
Blues_Enneatonic_II_12TET,200.0,300.0,400.0,500.0,600.0,700.0,900.0,1000.0,1200.0,,,
Blues_Heptatonic_12TET,300.0,400.0,500.0,600.0,700.0,1000.0,1200.0,,,,,
Blues_Heptatonic_II_12TET,300.0,500.0,600.0,700.0,900.0,1000.0,1200.0,,,,,
Blues_Major_Ascending_12TET,200.0,300.0,400.0,700.0,900.0,1200.0,,,,,,
Blues_VI_12TET,300.0,400.0,500.0,600.0,700.0,900.0,1000.0,1100.0,1200.0,,,
Blues_V_12TET,300.0,400.0,500.0,600.0,700.0,1000.0,1100.0,1200.0,,,,
Bugle_12TET,500.0,900.0,1200.0,,,,,,,,,
Bushmen_Eland_BushEland4,489.0,710.0,954.0,1200.0,,,,,,,,
Bushmen_Giraffe_BushGiraffe4,249.0,425.0,786.0,1200.0,,,,,,,,
Byzantine_12TET,100.0,400.0,500.0,700.0,800.0,1100.0,1200.0,,,,,
Celtic_Pentatonic_12TET,200.0,500.0,700.0,900.0,1200.0,,,,,,,
Chaio_12TET,200.0,500.0,800.0,1000.0,1200.0,,,,,,,
Chakravakam_12TET,100.0,400.0,500.0,700.0,900.0,1000.0,1200.0,,,,,
Chalanata_12TET,300.0,400.0,500.0,700.0,1000.0,1100.0,1200.0,,,,,
Cheremis_Ditonic_12TET,300.0,1200.0,,,,,,,,,,
Chin_12TET,300.0,600.0,800.0,1000.0,1200.0,,,,,,,
Chinese_Pentatonic_12TET,300.0,500.0,800.0,1000.0,1200.0,,,,,,,
Chitrambari_12TET,200.0,400.0,600.0,700.0,1000.0,1100.0,1200.0,,,,,
ChromaticDiatonic_Dorian_Mixed_12TET,100.0,200.0,300.0,500.0,700.0,800.0,900.0,1000.0,1200.0,,,
ChromaticPermuted_Diatonic_Dorian_Mixed_12TET,100.0,200.0,400.0,500.0,700.0,800.0,900.0,1100.0,1200.0,,,
Chromatic_12-Tone_14_Comma_A_12MeanQCA,76.0,193.0,310.0,386.0,503.0,580.0,697.0,772.0,890.0,1007.0,1083.0,1200.0
Chromatic_12-Tone_Barca_12Barca,92.0,197.0,296.0,393.0,498.0,590.0,698.0,794.0,895.0,996.0,1092.0,1200.0
Chromatic_12-Tone_Barca_A_12BarcaA,92.0,200.0,296.0,397.0,498.0,594.0,702.0,794.0,899.0,998.0,1095.0,1200.0
Chromatic_12-Tone_Bethisy_12Bethisy,87.0,193.0,289.0,386.0,496.0,587.0,697.0,787.0,890.0,993.0,1087.0,1200.0
Chromatic_12-Tone_Chaumont_12Chaumont,76.0,193.0,289.0,386.0,503.0,580.0,697.0,773.0,890.0,996.0,1083.0,1200.0
Chromatic_12-Tone_Corrette_12Corrette,76.0,193.0,289.0,386.0,503.0,580.0,697.0,783.0,890.0,996.0,1083.0,1200.0
Chromatic_12-Tone_Huang-chung_Precise_six-digit_12HC6,114.0,204.0,318.0,408.0,522.0,612.0,702.0,816.0,906.0,1020.0,1110.0,1200.0
Chromatic_12-Tone_Huang-chung_Simplified_two-digit_12HC2,110.0,204.0,303.0,408.0,520.0,608.0,702.0,801.0,906.0,1018.0,1096.0,1200.0
Chromatic_12-Tone_Just_Intoned_5-Limit_Asymmetric_Extended_12JI5LimAE,112.0,204.0,316.0,386.0,498.0,569.0,702.0,814.0,884.0,1018.0,1088.0,1200.0
Chromatic_12-Tone_Just_Intoned_5-Limit_Asymmetric_Standard_12JI5LimA,112.0,204.0,316.0,386.0,498.0,590.0,702.0,814.0,884.0,1018.0,1088.0,1200.0
Chromatic_12-Tone_Just_Intoned_5-Limit_Symmetric_1_12JI5LimS1,112.0,204.0,316.0,386.0,498.0,590.0,702.0,814.0,884.0,996.0,1088.0,1200.0
Chromatic_12-Tone_Just_Intoned_5-Limit_Symmetric_2_12JI5LimS2,112.0,182.0,316.0,386.0,498.0,590.0,702.0,814.0,884.0,1018.0,1088.0,1200.0
Chromatic_12-Tone_Just_Intoned_7-Limit_12JI7Lim,112.0,231.0,316.0,386.0,498.0,583.0,702.0,814.0,884.0,969.0,1088.0,1200.0
Chromatic_12-Tone_Kirnberger_2_12Kirn2,90.0,204.0,294.0,386.0,498.0,590.0,702.0,792.0,895.0,996.0,1088.0,1200.0
Chromatic_12-Tone_Kirnberger_3_12Kirn3,90.0,193.0,294.0,386.0,498.0,590.0,697.0,792.0,890.0,996.0,1088.0,1200.0
Chromatic_12-Tone_Marpourg_12Marpourg,84.0,193.0,294.0,386.0,503.0,580.0,697.0,789.0,890.0,999.0,1083.0,1200.0
Chromatic_12-Tone_Non-Pythagorean_12NonPyth,257.0,441.0,583.0,702.0,792.0,877.0,949.0,1008.0,1065.0,1111.0,1156.0,1200.0
Chromatic_12-Tone_Overtone_Temperament_Over12,139.0,267.0,386.0,498.0,603.0,702.0,796.0,884.0,969.0,1049.0,1126.0,1200.0
Chromatic_12-Tone_Pythagorean_12Pyth,90.0,204.0,294.0,408.0,498.0,588.0,702.0,792.0,906.0,996.0,1110.0,1200.0
Chromatic_12-Tone_Quarter-comma_Meantone_12MeanQC,76.0,193.0,310.0,386.0,503.0,580.0,697.0,773.0,890.0,1007.0,1083.0,1200.0
Chromatic_12-Tone_Rameau__12RameauSharp,76.0,193.0,286.0,386.0,498.0,580.0,697.0,775.0,890.0,993.0,1083.0,1200.0
Chromatic_12-Tone_Rameau_b_12RameauFlat,93.0,193.0,305.0,386.0,503.0,582.0,697.0,800.0,890.0,1007.0,1083.0,1200.0
Chromatic_12-Tone_Vallotti_12Vallotti,90.0,196.0,294.0,392.0,498.0,588.0,698.0,792.0,894.0,996.0,1090.0,1200.0
Chromatic_12-Tone_Vallotti_A_12ValottiA,90.0,200.0,294.0,396.0,498.0,592.0,702.0,792.0,898.0,996.0,1094.0,1200.0
Chromatic_12-Tone_Werckmeister_III_12Werck3,96.0,204.0,300.0,396.0,504.0,600.0,702.0,792.0,900.0,1002.0,1098.0,1200.0
Chromatic_12-Tone_Werckmeister_II_12Werck2,82.0,196.0,294.0,392.0,498.0,588.0,694.0,784.0,890.0,1004.0,1086.0,1200.0
Chromatic_12-Tone_Werckmeister_IV_12Werck4,91.0,196.0,298.0,395.0,498.0,595.0,698.0,793.0,893.0,1000.0,1097.0,1200.0
Chromatic_12-Tone_Werckmeister_I_12Werck1,90.0,192.0,294.0,390.0,498.0,588.0,696.0,792.0,888.0,996.0,1092.0,1200.0
Chromatic_12-Tone_dAlembert_12dAlembert,87.0,193.0,290.0,386.0,497.0,587.0,697.0,787.0,890.0,994.0,1087.0,1200.0
Chromatic_12TET,100.0,200.0,300.0,400.0,500.0,600.0,700.0,800.0,900.0,1000.0,1100.0,1200.0
Chromatic_4-Tone_Equal_Temperament_4TET,300.0,600.0,900.0,1200.0,,,,,,,,
Chromatic_5-Tone_Equal_Temperament_5TET,240.0,480.0,720.0,960.0,1200.0,,,,,,,
Chromatic_5-Tone_Overtone_Temperament_Over5,316.0,583.0,814.0,1018.0,1200.0,,,,,,,
Chromatic_7-Tone_Aristoxenus_Enharmonic_Arist7,44.0,89.0,498.0,702.0,740.0,814.0,1200.0,,,,,
Chromatic_7-Tone_Equal_Temperament_7TET,171.0,343.0,514.0,686.0,857.0,1029.0,1200.0,,,,,
Chromatic_7-Tone_Overtone_Temperament_Over7,231.0,435.0,617.0,782.0,933.0,1072.0,1200.0,,,,,
Chromatic_Bebop_12TET,100.0,200.0,400.0,500.0,700.0,900.0,1000.0,1100.0,1200.0,,,
Chromatic_Carlos_Harmonic_Twelve_Tone_12Carlos,105.0,204.0,298.0,386.0,471.0,551.0,702.0,841.0,906.0,969.0,1088.0,1200.0
Chromatic_Harmonic_Pentatonic_Inverse_Har5Inverse,231.0,498.0,702.0,933.0,1200.0,,,,,,,
Chromatic_Hypodorian_12TET,200.0,300.0,400.0,700.0,800.0,900.0,1200.0,,,,,
Chromatic_Hypodorian_Inverse_12TET,300.0,400.0,500.0,800.0,900.0,1000.0,1200.0,,,,,
Chromatic_Hypophrygian_Inverse_12TET,100.0,200.0,500.0,600.0,700.0,900.0,1200.0,,,,,
Chromatic_Lydian_12TET,100.0,400.0,500.0,600.0,900.0,1100.0,1200.0,,,,,
Chromatic_Mixolydian_12TET,100.0,200.0,500.0,600.0,700.0,1000.0,1200.0,,,,,
Chromatic_Mixolydian_Inverse_12TET,200.0,500.0,600.0,700.0,1000.0,1100.0,1200.0,,,,,
Chromatic_Phrygian_12TET,300.0,400.0,500.0,800.0,1000.0,1100.0,1200.0,,,,,
Chromatic_Phrygian_Inverse_12TET,100.0,200.0,400.0,700.0,800.0,900.0,1200.0,,,,,
Dangsoe_Pelog7,122.0,677.0,785.0,947.0,1200.0,,,,,,,
Dastgah-e_Chahargah_Per17,133.0,408.0,498.0,702.0,835.0,1110.0,1200.0,,,,,
Dastgah-e_Homayun_Per17,133.0,408.0,498.0,702.0,792.0,996.0,1200.0,,,,,
Dastgah-e_Mahur_Per17,204.0,408.0,498.0,702.0,906.0,1110.0,1200.0,,,,,
Dastgah-e_Mokhalif_Per17,204.0,294.0,498.0,702.0,835.0,1039.0,1200.0,,,,,
Dastgah-e_Nava_Per17,204.0,294.0,498.0,702.0,835.0,996.0,1200.0,,,,,
Dastgah-e_Sehgah_2_Per17,133.0,337.0,498.0,631.0,835.0,1039.0,1200.0,,,,,
Dastgah-e_Sehgah_Per17,204.0,337.0,498.0,702.0,835.0,996.0,1200.0,,,,,
Dastgah-e_Shur_Per17,133.0,294.0,498.0,702.0,792.0,996.0,1200.0,,,,,
Devaranji_12TET,500.0,700.0,800.0,1100.0,1200.0,,,,,,,
Dhatuvardani_12TET,300.0,400.0,600.0,700.0,800.0,1100.0,1200.0,,,,,
Dhavalambari_12TET,100.0,400.0,600.0,700.0,800.0,900.0,1200.0,,,,,
Dhavalashri_12TET,400.0,600.0,700.0,900.0,1200.0,,,,,,,
Diatonic_Major_12TET,200.0,400.0,500.0,700.0,900.0,1100.0,1200.0,,,,,
Diminished_Major_Seventh_12TET,300.0,600.0,1100.0,1200.0,,,,,,,,
Diminished_Seventh_12TET,300.0,600.0,900.0,1200.0,,,,,,,,
Diminished_Tritonic_12TET,300.0,600.0,1200.0,,,,,,,,,
Diminished_Whole_Tone_12TET,100.0,300.0,400.0,600.0,800.0,1000.0,1200.0,,,,,
Divyamani_12TET,100.0,300.0,600.0,700.0,1000.0,1100.0,1200.0,,,,,
Dominant_Pentatonic_12TET,200.0,400.0,700.0,1000.0,1200.0,,,,,,,
Dorian_12TET,200.0,300.0,500.0,700.0,900.0,1000.0,1200.0,,,,,
Double-Phrygian_Hexatonic_12TET,100.0,300.0,500.0,600.0,900.0,1200.0,,,,,,
Dream_12TET,500.0,600.0,700.0,1200.0,,,,,,,,
Eight_Tone_Spanish_12TET,100.0,300.0,400.0,500.0,600.0,800.0,1000.0,1200.0,,,,
Enigmatic_12TET,100.0,400.0,600.0,800.0,1000.0,1100.0,1200.0,,,,,
Enigmatic_Descending_12TET,100.0,400.0,500.0,800.0,1000.0,1100.0,1200.0,,,,,
Equal_Temperaments_34_Mixed_12TET,300.0,400.0,600.0,800.0,900.0,1200.0,,,,,,
Eskimo_Hexatonic_2_12TET,200.0,400.0,600.0,800.0,1100.0,1200.0,,,,,,
Eskimo_Tetratonic_12TET,200.0,400.0,700.0,1200.0,,,,,,,,
Ganamoorti_12TET,100.0,200.0,500.0,700.0,800.0,1100.0,1200.0,,,,,
Gangeyabhooshani_12TET,300.0,400.0,500.0,700.0,800.0,1100.0,1200.0,,,,,
Gavambhodi_12TET,100.0,300.0,600.0,700.0,800.0,900.0,1200.0,,,,,
Gayakapriya_12TET,100.0,400.0,500.0,700.0,800.0,900.0,1200.0,,,,,
Genus_Chromaticum_12TET,100.0,300.0,400.0,500.0,700.0,800.0,900.0,1100.0,1200.0,,,
Genus_Diatonicum_12TET,200.0,400.0,500.0,700.0,900.0,1000.0,1100.0,1200.0,,,,
Genus_Primum_12TET,200.0,500.0,700.0,1200.0,,,,,,,,
Half-diminished_Bebop_12TET,100.0,300.0,500.0,600.0,700.0,800.0,1100.0,1200.0,,,,
Half-diminished_Seventh_12TET,300.0,600.0,1000.0,1200.0,,,,,,,,
Half_Diminished_12TET,200.0,300.0,500.0,600.0,800.0,1000.0,1200.0,,,,,
Hamel_12TET,100.0,300.0,500.0,700.0,800.0,1000.0,1100.0,1200.0,,,,
Hanryo_Hanritsu_12TET,200.0,300.0,400.0,500.0,700.0,900.0,1000.0,1100.0,1200.0,,,
Haripriya_12TET,200.0,500.0,800.0,1200.0,,,,,,,,
HarmonicNeapolitan_Minor_Mixed_12TET,100.0,200.0,300.0,500.0,700.0,800.0,1100.0,1200.0,,,,
Harmonic_Chromatic_Ascending_12TET,100.0,200.0,300.0,400.0,500.0,600.0,700.0,800.0,900.0,1000.0,1200.0,
Harmonic_Minor_12TET,200.0,300.0,500.0,700.0,800.0,1100.0,1200.0,,,,,
Harmonic_Pentatonic_Har5C,267.0,498.0,702.0,969.0,1200.0,,,,,,,
Harmonic_Pentatonic_Har5ClintV1,316.0,498.0,702.0,969.0,1200.0,,,,,,,
Harmonic_Pentatonic_Over12,386.0,603.0,796.0,1049.0,1200.0,,,,,,,
Harmonic_Seventh_Over4,386.0,702.0,969.0,1200.0,,,,,,,,
Hatakambari_12TET,100.0,400.0,500.0,700.0,1000.0,1100.0,1200.0,,,,,
Hawaiian_12TET,200.0,300.0,700.0,900.0,1100.0,1200.0,,,,,,
Hijaz_Major_12TET,100.0,500.0,600.0,800.0,900.0,1000.0,1200.0,,,,,
Hindol_12TET,400.0,600.0,900.0,1100.0,1200.0,,,,,,,
Hindu_12TET,200.0,400.0,500.0,700.0,800.0,1000.0,1200.0,,,,,
Hirajoshi_Mode_1_12TET,200.0,300.0,700.0,800.0,1200.0,,,,,,,
Hirajoshi_Mode_1_Leading_Tone_12TET,200.0,300.0,700.0,800.0,1100.0,1200.0,,,,,,
Hirajoshi_Mode_3_12TET,400.0,500.0,900.0,1100.0,1200.0,,,,,,,
Hirajoshi_Mode_5_12TET,400.0,600.0,700.0,1100.0,1200.0,,,,,,,
Honchoshi_12TET,500.0,1200.0,,,,,,,,,,
Honchoshi_Plagal_Form_12TET,100.0,300.0,500.0,600.0,1000.0,1200.0,,,,,,
Houseini_12TET,200.0,300.0,400.0,500.0,700.0,800.0,900.0,1000.0,1200.0,,,
Hungarian_Major_12TET,300.0,400.0,600.0,700.0,900.0,1000.0,1200.0,,,,,
Hungarian_Major_Inverse_12TET,200.0,300.0,500.0,600.0,800.0,900.0,1200.0,,,,,
Ichikosucho_12TET,200.0,400.0,500.0,600.0,700.0,900.0,1100.0,1200.0,,,,
Indupriya_12TET,100.0,400.0,600.0,700.0,1000.0,1200.0,,,,,,
Ionian_Augmented_2_12TET,300.0,400.0,500.0,800.0,900.0,1100.0,1200.0,,,,,
Ionian_Sharp_5_12TET,200.0,400.0,500.0,800.0,900.0,1100.0,1200.0,,,,,
Istrian_12TET,100.0,300.0,400.0,600.0,700.0,1200.0,,,,,,
Italian_Sixth_12TET,400.0,1000.0,1200.0,,,,,,,,,
Iwato_12TET,100.0,500.0,600.0,1000.0,1200.0,,,,,,,
JG_Octatonic_12TET,100.0,300.0,400.0,500.0,700.0,900.0,1000.0,1200.0,,,,
Jalarnavam_12TET,100.0,200.0,600.0,700.0,800.0,1000.0,1200.0,,,,,
Japanese_12TET,200.0,500.0,700.0,800.0,1200.0,,,,,,,
Javaneese_12TET,100.0,300.0,500.0,700.0,900.0,1000.0,1200.0,,,,,
Jayakauns_12TET,300.0,500.0,600.0,1000.0,1200.0,,,,,,,
Jeths_Mode_12TET,200.0,300.0,500.0,600.0,900.0,1100.0,1200.0,,,,,
Jhalavarali_12TET,100.0,200.0,600.0,700.0,800.0,1100.0,1200.0,,,,,
Jhankaradhwani_12TET,200.0,300.0,500.0,700.0,800.0,900.0,1200.0,,,,,
Jyotiswaroopini_12TET,300.0,400.0,600.0,700.0,800.0,1000.0,1200.0,,,,,
Kanakangi_12TET,100.0,200.0,500.0,700.0,800.0,900.0,1200.0,,,,,
Kantamani_12TET,200.0,400.0,600.0,700.0,800.0,900.0,1200.0,,,,,
Khamaji_Durga_12TET,400.0,500.0,900.0,1000.0,1200.0,,,,,,,
Kiourdi_12TET,200.0,300.0,500.0,600.0,700.0,800.0,900.0,1000.0,1200.0,,,
Kiravani_12TET,300.0,500.0,800.0,1100.0,1200.0,,,,,,,
Kiva_12TET,200.0,300.0,700.0,800.0,900.0,1000.0,1100.0,1200.0,,,,
Kokil_Pancham_12TET,300.0,500.0,700.0,800.0,1200.0,,,,,,,
Kokin-joshi_12TET,100.0,500.0,700.0,1000.0,1200.0,,,,,,,
Kosalam_12TET,300.0,400.0,600.0,700.0,900.0,1100.0,1200.0,,,,,
Kumoi_12TET,200.0,300.0,700.0,900.0,1200.0,,,,,,,
Kung_12TET,200.0,400.0,600.0,900.0,1200.0,,,,,,,
Kuntvarali_12TET,500.0,700.0,900.0,1000.0,1200.0,,,,,,,
Latangi_12TET,200.0,400.0,600.0,700.0,800.0,1100.0,1200.0,,,,,
Lavangi_12TET,100.0,500.0,800.0,1200.0,,,,,,,,
Leading_Whole-tone_Inverse_12TET,100.0,200.0,400.0,600.0,800.0,1000.0,1200.0,,,,,
Leading_Whole_Tone_12TET,200.0,400.0,600.0,800.0,1000.0,1100.0,1200.0,,,,,
Lebeng_Pelog7,122.0,271.0,571.0,677.0,785.0,947.0,1200.0,,,,,
LocrianAeolian_Mixed_12TET,100.0,200.0,300.0,500.0,600.0,700.0,800.0,1000.0,1200.0,,,
Locrian_12TET,100.0,300.0,500.0,600.0,800.0,1000.0,1200.0,,,,,
Locrian_2_12TET,200.0,300.0,500.0,600.0,800.0,1100.0,1200.0,,,,,
Locrian_Bb3_Bb7_12TET,100.0,200.0,500.0,600.0,800.0,900.0,1200.0,,,,,
Locrian_Double-flat_7_12TET,100.0,300.0,500.0,600.0,800.0,900.0,1200.0,,,,,
Locrian_Pentatonic_2_12TET,300.0,400.0,600.0,1000.0,1200.0,,,,,,,
Lower_Minor_Tetratonic_12TET,300.0,500.0,700.0,1200.0,,,,,,,,
Lydian_12TET,200.0,400.0,600.0,700.0,900.0,1100.0,1200.0,,,,,
Lydian_Augmented_12TET,200.0,400.0,600.0,800.0,900.0,1100.0,1200.0,,,,,
Lydian_Diminished_12TET,200.0,300.0,600.0,700.0,900.0,1100.0,1200.0,,,,,
Lydian_Minor_12TET,200.0,400.0,600.0,700.0,800.0,1000.0,1200.0,,,,,
Madhuranjani_12TET,300.0,500.0,700.0,1100.0,1200.0,,,,,,,
Magen_Abot_1_12TET,100.0,300.0,400.0,600.0,800.0,1000.0,1100.0,1200.0,,,,
Magen_Abot_2_12TET,100.0,300.0,400.0,600.0,800.0,900.0,1100.0,1200.0,,,,
Mahathi_12TET,400.0,700.0,1000.0,1200.0,,,,,,,,
MajorMinor_Mixed_12TET,200.0,300.0,400.0,500.0,700.0,800.0,900.0,1000.0,1100.0,1200.0,,
Major_Pentatonic_12TET,200.0,400.0,700.0,900.0,1200.0,,,,,,,
Major_Seventh_12TET,400.0,700.0,1100.0,1200.0,,,,,,,,
Major_Seventh_Ditonic_12TET,1100.0,1200.0,,,,,,,,,,
Major_Sixth_12TET,400.0,700.0,900.0,1200.0,,,,,,,,
Major_Sixth_Ditonic_12TET,900.0,1200.0,,,,,,,,,,
Major_Third_Ditonic_12TET,400.0,1200.0,,,,,,,,,,
Major_Tritonic_12TET,400.0,700.0,1200.0,,,,,,,,,
Malavasri_12TET,300.0,500.0,700.0,900.0,1000.0,1200.0,,,,,,
Mamata_12TET,400.0,700.0,900.0,1100.0,1200.0,,,,,,,
Manavati_12TET,100.0,200.0,500.0,700.0,900.0,1100.0,1200.0,,,,,
Mand_12TET,400.0,500.0,700.0,900.0,1200.0,,,,,,,
Manyura_Pelog7,122.0,271.0,571.0,947.0,1200.0,,,,,,,
Maqam_Athar_Kurd_12TET,100.0,300.0,600.0,700.0,800.0,1100.0,1200.0,,,,,
Maqam_Bayati_24TET,150.0,300.0,500.0,700.0,800.0,1000.0,1200.0,,,,,
Maqam_Bayati_Shuri_24TET,150.0,300.0,500.0,600.0,900.0,1000.0,1200.0,,,,,
Maqam_Hijaz_12TET,100.0,400.0,500.0,700.0,800.0,1000.0,1100.0,1200.0,,,,
Maqam_Husseini_24TET,150.0,300.0,500.0,700.0,850.0,1000.0,1200.0,,,,,
Maqam_Huzzam_12TET,100.0,300.0,400.0,700.0,800.0,1000.0,1200.0,,,,,
Maqam_Karcigar_12TET,200.0,300.0,500.0,600.0,900.0,1000.0,1200.0,,,,,
Maqam_Nahawand_12TET,200.0,300.0,500.0,700.0,800.0,1000.0,1100.0,1200.0,,,,
Maqam_Nawa_Athar_12TET,200.0,300.0,600.0,700.0,800.0,1100.0,1200.0,,,,,
Maqam_Shaddaraban_12TET,100.0,300.0,400.0,500.0,600.0,900.0,1000.0,1200.0,,,,
Maqam_Shawq_Afza_12TET,200.0,300.0,400.0,500.0,600.0,700.0,800.0,900.0,1100.0,1200.0,,
Maqam_Tarzanuyn_12TET,100.0,300.0,400.0,500.0,600.0,700.0,800.0,900.0,1000.0,1200.0,,
Maqam_Tarznauyn_12TET,100.0,300.0,500.0,600.0,900.0,1000.0,1200.0,,,,,
Mararanjani_12TET,200.0,400.0,500.0,700.0,800.0,900.0,1200.0,,,,,
Marga_Hindola_12TET,300.0,500.0,900.0,1100.0,1200.0,,,,,,,
Marva_12TET,100.0,400.0,600.0,700.0,900.0,1100.0,1200.0,,,,,
Mayan_Long_Count_12TET,400.0,600.0,700.0,1000.0,1200.0,,,,,,,
Melodic_Chromatic_Ascending_12TET,100.0,200.0,300.0,400.0,500.0,600.0,700.0,800.0,900.0,1200.0,,
Melodic_Minor_Ascending_12TET,200.0,300.0,500.0,700.0,900.0,1100.0,1200.0,,,,,
Messiaen_Mode_3_12TET,100.0,200.0,400.0,500.0,600.0,800.0,900.0,1000.0,1200.0,,,
Messiaen_Mode_3_Inverse_12TET,200.0,300.0,400.0,600.0,700.0,800.0,1000.0,1100.0,1200.0,,,
Messiaen_Mode_4_12TET,100.0,200.0,300.0,600.0,700.0,800.0,900.0,1200.0,,,,
Messiaen_Mode_4_Inverse_12TET,300.0,400.0,500.0,600.0,900.0,1000.0,1100.0,1200.0,,,,
Messiaen_Mode_5_12TET,100.0,200.0,600.0,700.0,800.0,1200.0,,,,,,
Messiaen_Mode_5_Inverse_12TET,400.0,500.0,600.0,1000.0,1100.0,1200.0,,,,,,
Messiaen_Mode_6_12TET,100.0,200.0,400.0,600.0,700.0,800.0,1000.0,1200.0,,,,
Messiaen_Mode_6_Inverse_12TET,200.0,400.0,500.0,600.0,800.0,1000.0,1100.0,1200.0,,,,
Messiaen_Mode_7_12TET,100.0,200.0,300.0,400.0,600.0,700.0,800.0,900.0,1000.0,1200.0,,
Messiaen_Mode_7_A_12TET,100.0,200.0,300.0,500.0,600.0,700.0,800.0,900.0,1100.0,1200.0,,
Messiaen_Mode_7_Inverse_12TET,200.0,300.0,400.0,500.0,600.0,800.0,900.0,1000.0,1100.0,1200.0,,
Messiaen_Truncated_Mode_2_12TET,100.0,300.0,600.0,700.0,900.0,1200.0,,,,,,
Messiaen_Truncated_Mode_3_Inverse_12TET,300.0,400.0,700.0,800.0,1100.0,1200.0,,,,,,
Messiaen_Truncated_Mode_5_12TET,100.0,600.0,700.0,1200.0,,,,,,,,
Messiaen_Truncated_Mode_5_Inverse_12TET,500.0,600.0,1100.0,1200.0,,,,,,,,
Messiaen_Truncated_Mode_6_12TET,200.0,600.0,800.0,1200.0,,,,,,,,
Messiaen_Truncated_Mode_6_Inverse_12TET,400.0,600.0,1000.0,1200.0,,,,,,,,
Minor_Gypsy_Inverse_12TET,200.0,400.0,500.0,600.0,900.0,1000.0,1200.0,,,,,
Minor_Hexatonic_12TET,300.0,500.0,700.0,800.0,1000.0,1200.0,,,,,,
Minor_Major_Seventh_12TET,300.0,700.0,1100.0,1200.0,,,,,,,,
Minor_Pentatonic_12TET,300.0,500.0,700.0,1000.0,1200.0,,,,,,,
Minor_Pentatonic_With_Leading_Tones_12TET,200.0,300.0,400.0,500.0,600.0,700.0,900.0,1000.0,1100.0,1200.0,,
Minor_Second_Ditonic_12TET,100.0,1200.0,,,,,,,,,,
Minor_Sixth_12TET,300.0,700.0,900.0,1200.0,,,,,,,,
Minor_Sixth_Ditonic_12TET,800.0,1200.0,,,,,,,,,,
Minor_Tetratonic_12TET,300.0,500.0,1000.0,1200.0,,,,,,,,
Miring_Pelog7,271.0,571.0,785.0,947.0,1200.0,,,,,,,
Mixolydian_12TET,200.0,400.0,500.0,700.0,900.0,1000.0,1200.0,,,,,
Mixolydian_Hexatonic_12TET,200.0,500.0,700.0,900.0,1000.0,1200.0,,,,,,
Mixolydian_Pentatonic_12TET,400.0,500.0,700.0,1000.0,1200.0,,,,,,,
Miyako-Bushi_12TET,100.0,500.0,700.0,800.0,1200.0,,,,,,,
Modified_Blues_12TET,200.0,300.0,500.0,600.0,700.0,1000.0,1200.0,,,,,
Mohanangi_12TET,300.0,400.0,700.0,900.0,1200.0,,,,,,,
Moorish_Phrygian_12TET,100.0,300.0,400.0,500.0,700.0,800.0,1000.0,1100.0,1200.0,,,
Multani_12TET,300.0,600.0,700.0,1100.0,1200.0,,,,,,,
Naganandini_12TET,200.0,400.0,500.0,700.0,1000.0,1100.0,1200.0,,,,,
Naghmeh_Abuata_Per17,133.0,337.0,569.0,631.0,835.0,1039.0,1200.0,,,,,
Naghmeh_Bayat-e_Tork_Per17,204.0,408.0,498.0,702.0,906.0,1039.0,1200.0,,,,,
Naghmeh_Esfahan_Per17,204.0,294.0,498.0,702.0,835.0,1110.0,1200.0,,,,,
Namanarayani_12TET,100.0,400.0,600.0,700.0,800.0,1000.0,1200.0,,,,,
Native_American_Flute_Chromatic_12TET,300.0,400.0,500.0,600.0,700.0,800.0,900.0,1000.0,1100.0,1200.0,,
Natural_Minor_12TET,200.0,300.0,500.0,700.0,800.0,1000.0,1200.0,,,,,
Navaneetam_12TET,100.0,200.0,600.0,700.0,900.0,1000.0,1200.0,,,,,
Neapolitan_Major_12TET,100.0,300.0,500.0,700.0,900.0,1100.0,1200.0,,,,,
Neapolitan_Minor_12TET,100.0,300.0,500.0,700.0,800.0,1100.0,1200.0,,,,,
Neapolitan_Mixed_12TET,100.0,300.0,500.0,700.0,800.0,900.0,1100.0,1200.0,,,,
Neetimati_12TET,200.0,300.0,600.0,700.0,1000.0,1100.0,1200.0,,,,,
Nem_Pelog7,122.0,571.0,677.0,785.0,1200.0,,,,,,,
Neutral_Pentatonic_12TET,200.0,500.0,700.0,1000.0,1200.0,,,,,,,
Neveseri_12TET,100.0,300.0,600.0,700.0,800.0,1000.0,1100.0,1200.0,,,,
Niagari_12TET,700.0,1200.0,,,,,,,,,,
Nigamagamini_12TET,400.0,600.0,1100.0,1200.0,,,,,,,,
Nine_Tone_Scale_12TET,200.0,300.0,400.0,600.0,700.0,800.0,900.0,1100.0,1200.0,,,
Nohkan_Flute_12TET,200.0,500.0,600.0,800.0,900.0,1100.0,1200.0,,,,,
Northern_12TET,300.0,500.0,700.0,900.0,1200.0,,,,,,,
Octatonic_12TET,100.0,300.0,400.0,600.0,700.0,900.0,1000.0,1200.0,,,,
Octatonic_2_12TET,200.0,300.0,500.0,600.0,800.0,900.0,1100.0,1200.0,,,,
Ongkari_12TET,600.0,700.0,1200.0,,,,,,,,,
Oriental_A_12TET,100.0,400.0,500.0,600.0,800.0,1000.0,1200.0,,,,,
Oriental_B_12TET,100.0,400.0,500.0,600.0,900.0,1000.0,1200.0,,,,,
Patet_Lima_Pelog7,122.0,271.0,677.0,785.0,1200.0,,,,,,,
Pathet_Barang_Pelog7m2,149.0,555.0,663.0,825.0,1200.0,,,,,,,
Pattern_Scale_100_12TET,300.0,600.0,700.0,1200.0,,,,,,,,
Pattern_Scale_101_12TET,100.0,300.0,600.0,700.0,1200.0,,,,,,,
Pattern_Scale_1025_12TET,100.0,1100.0,1200.0,,,,,,,,,
Pattern_Scale_1026_12TET,200.0,1100.0,1200.0,,,,,,,,,
Pattern_Scale_1027_12TET,100.0,200.0,1100.0,1200.0,,,,,,,,
Pattern_Scale_1028_12TET,300.0,1100.0,1200.0,,,,,,,,,
Pattern_Scale_1029_12TET,100.0,300.0,1100.0,1200.0,,,,,,,,
Pattern_Scale_102_12TET,200.0,300.0,600.0,700.0,1200.0,,,,,,,
Pattern_Scale_1030_12TET,200.0,300.0,1100.0,1200.0,,,,,,,,
Pattern_Scale_1031_12TET,100.0,200.0,300.0,1100.0,1200.0,,,,,,,
Pattern_Scale_1032_12TET,400.0,1100.0,1200.0,,,,,,,,,
Pattern_Scale_1033_12TET,100.0,400.0,1100.0,1200.0,,,,,,,,
Pattern_Scale_1034_12TET,200.0,400.0,1100.0,1200.0,,,,,,,,
Pattern_Scale_1035_12TET,100.0,200.0,400.0,1100.0,1200.0,,,,,,,
Pattern_Scale_1036_12TET,300.0,400.0,1100.0,1200.0,,,,,,,,
Pattern_Scale_1037_12TET,100.0,300.0,400.0,1100.0,1200.0,,,,,,,
Pattern_Scale_1038_12TET,200.0,300.0,400.0,1100.0,1200.0,,,,,,,
Pattern_Scale_1040_12TET,500.0,1100.0,1200.0,,,,,,,,,
Pattern_Scale_1041_12TET,100.0,500.0,1100.0,1200.0,,,,,,,,
Pattern_Scale_1042_12TET,200.0,500.0,1100.0,1200.0,,,,,,,,
Pattern_Scale_1043_12TET,100.0,200.0,500.0,1100.0,1200.0,,,,,,,
Pattern_Scale_1044_12TET,300.0,500.0,1100.0,1200.0,,,,,,,,
Pattern_Scale_1045_12TET,100.0,300.0,500.0,1100.0,1200.0,,,,,,,
Pattern_Scale_1046_12TET,200.0,300.0,500.0,1100.0,1200.0,,,,,,,
Pattern_Scale_1048_12TET,400.0,500.0,1100.0,1200.0,,,,,,,,
Pattern_Scale_104_12TET,400.0,600.0,700.0,1200.0,,,,,,,,
Pattern_Scale_1050_12TET,200.0,400.0,500.0,1100.0,1200.0,,,,,,,
Pattern_Scale_1052_12TET,300.0,400.0,500.0,1100.0,1200.0,,,,,,,
Pattern_Scale_1056_12TET,600.0,1100.0,1200.0,,,,,,,,,
Pattern_Scale_1057_12TET,100.0,600.0,1100.0,1200.0,,,,,,,,
Pattern_Scale_1059_12TET,100.0,200.0,600.0,1100.0,1200.0,,,,,,,
Pattern_Scale_105_12TET,100.0,400.0,600.0,700.0,1200.0,,,,,,,
Pattern_Scale_1061_12TET,100.0,300.0,600.0,1100.0,1200.0,,,,,,,
Pattern_Scale_1062_12TET,200.0,300.0,600.0,1100.0,1200.0,,,,,,,
Pattern_Scale_1065_12TET,100.0,400.0,600.0,1100.0,1200.0,,,,,,,
Pattern_Scale_1068_12TET,300.0,400.0,600.0,1100.0,1200.0,,,,,,,
Pattern_Scale_106_12TET,200.0,400.0,600.0,700.0,1200.0,,,,,,,
Pattern_Scale_1073_12TET,100.0,500.0,600.0,1100.0,1200.0,,,,,,,
Pattern_Scale_1074_12TET,200.0,500.0,600.0,1100.0,1200.0,,,,,,,
Pattern_Scale_1076_12TET,300.0,500.0,600.0,1100.0,1200.0,,,,,,,
Pattern_Scale_1080_12TET,400.0,500.0,600.0,1100.0,1200.0,,,,,,,
Pattern_Scale_1088_12TET,700.0,1100.0,1200.0,,,,,,,,,
Pattern_Scale_1089_12TET,100.0,700.0,1100.0,1200.0,,,,,,,,
Pattern_Scale_108_12TET,300.0,400.0,600.0,700.0,1200.0,,,,,,,
Pattern_Scale_1090_12TET,200.0,700.0,1100.0,1200.0,,,,,,,,
Pattern_Scale_1091_12TET,100.0,200.0,700.0,1100.0,1200.0,,,,,,,
Pattern_Scale_1093_12TET,100.0,300.0,700.0,1100.0,1200.0,,,,,,,
Pattern_Scale_1097_12TET,100.0,400.0,700.0,1100.0,1200.0,,,,,,,
Pattern_Scale_10_12TET,200.0,400.0,1200.0,,,,,,,,,
Pattern_Scale_1100_12TET,300.0,400.0,700.0,1100.0,1200.0,,,,,,,
Pattern_Scale_1104_12TET,500.0,700.0,1100.0,1200.0,,,,,,,,
Pattern_Scale_1120_12TET,600.0,700.0,1100.0,1200.0,,,,,,,,
Pattern_Scale_1121_12TET,100.0,600.0,700.0,1100.0,1200.0,,,,,,,
Pattern_Scale_1136_12TET,500.0,600.0,700.0,1100.0,1200.0,,,,,,,
Pattern_Scale_113_12TET,100.0,500.0,600.0,700.0,1200.0,,,,,,,
Pattern_Scale_114_12TET,200.0,500.0,600.0,700.0,1200.0,,,,,,,
Pattern_Scale_1152_12TET,800.0,1100.0,1200.0,,,,,,,,,
Pattern_Scale_1153_12TET,100.0,800.0,1100.0,1200.0,,,,,,,,
Pattern_Scale_1154_12TET,200.0,800.0,1100.0,1200.0,,,,,,,,
Pattern_Scale_1156_12TET,300.0,800.0,1100.0,1200.0,,,,,,,,
Pattern_Scale_1157_12TET,100.0,300.0,800.0,1100.0,1200.0,,,,,,,
Pattern_Scale_1158_12TET,200.0,300.0,800.0,1100.0,1200.0,,,,,,,
Pattern_Scale_1161_12TET,100.0,400.0,800.0,1100.0,1200.0,,,,,,,
Pattern_Scale_1162_12TET,200.0,400.0,800.0,1100.0,1200.0,,,,,,,
Pattern_Scale_1164_12TET,300.0,400.0,800.0,1100.0,1200.0,,,,,,,
Pattern_Scale_1168_12TET,500.0,800.0,1100.0,1200.0,,,,,,,,
Pattern_Scale_116_12TET,300.0,500.0,600.0,700.0,1200.0,,,,,,,
Pattern_Scale_1184_12TET,600.0,800.0,1100.0,1200.0,,,,,,,,
Pattern_Scale_1185_12TET,100.0,600.0,800.0,1100.0,1200.0,,,,,,,
Pattern_Scale_1186_12TET,200.0,600.0,800.0,1100.0,1200.0,,,,,,,
Pattern_Scale_1188_12TET,300.0,600.0,800.0,1100.0,1200.0,,,,,,,
Pattern_Scale_1192_12TET,400.0,600.0,800.0,1100.0,1200.0,,,,,,,
Pattern_Scale_11_12TET,100.0,200.0,400.0,1200.0,,,,,,,,
Pattern_Scale_1200_12TET,500.0,600.0,800.0,1100.0,1200.0,,,,,,,
Pattern_Scale_120_12TET,400.0,500.0,600.0,700.0,1200.0,,,,,,,
Pattern_Scale_1216_12TET,700.0,800.0,1100.0,1200.0,,,,,,,,
Pattern_Scale_1218_12TET,200.0,700.0,800.0,1100.0,1200.0,,,,,,,
Pattern_Scale_1220_12TET,300.0,700.0,800.0,1100.0,1200.0,,,,,,,
Pattern_Scale_1224_12TET,400.0,700.0,800.0,1100.0,1200.0,,,,,,,
Pattern_Scale_1248_12TET,600.0,700.0,800.0,1100.0,1200.0,,,,,,,
Pattern_Scale_1280_12TET,900.0,1100.0,1200.0,,,,,,,,,
Pattern_Scale_1281_12TET,100.0,900.0,1100.0,1200.0,,,,,,,,
Pattern_Scale_1282_12TET,200.0,900.0,1100.0,1200.0,,,,,,,,
Pattern_Scale_1283_12TET,100.0,200.0,900.0,1100.0,1200.0,,,,,,,
Pattern_Scale_1284_12TET,300.0,900.0,1100.0,1200.0,,,,,,,,
Pattern_Scale_1285_12TET,100.0,300.0,900.0,1100.0,1200.0,,,,,,,
Pattern_Scale_1286_12TET,200.0,300.0,900.0,1100.0,1200.0,,,,,,,
Pattern_Scale_1288_12TET,400.0,900.0,1100.0,1200.0,,,,,,,,
Pattern_Scale_1289_12TET,100.0,400.0,900.0,1100.0,1200.0,,,,,,,
Pattern_Scale_1292_12TET,300.0,400.0,900.0,1100.0,1200.0,,,,,,,
Pattern_Scale_1296_12TET,500.0,900.0,1100.0,1200.0,,,,,,,,
Pattern_Scale_1297_12TET,100.0,500.0,900.0,1100.0,1200.0,,,,,,,
Pattern_Scale_129_12TET,100.0,800.0,1200.0,,,,,,,,,
Pattern_Scale_12_12TET,300.0,400.0,1200.0,,,,,,,,,
Pattern_Scale_130_12TET,200.0,800.0,1200.0,,,,,,,,,
Pattern_Scale_1312_12TET,600.0,900.0,1100.0,1200.0,,,,,,,,
Pattern_Scale_1313_12TET,100.0,600.0,900.0,1100.0,1200.0,,,,,,,
Pattern_Scale_1316_12TET,300.0,600.0,900.0,1100.0,1200.0,,,,,,,
Pattern_Scale_131_12TET,100.0,200.0,800.0,1200.0,,,,,,,,
Pattern_Scale_1328_12TET,500.0,600.0,900.0,1100.0,1200.0,,,,,,,
Pattern_Scale_133_12TET,100.0,300.0,800.0,1200.0,,,,,,,,
Pattern_Scale_1344_12TET,700.0,900.0,1100.0,1200.0,,,,,,,,
Pattern_Scale_1345_12TET,100.0,700.0,900.0,1100.0,1200.0,,,,,,,
Pattern_Scale_1346_12TET,200.0,700.0,900.0,1100.0,1200.0,,,,,,,
Pattern_Scale_1348_12TET,300.0,700.0,900.0,1100.0,1200.0,,,,,,,
Pattern_Scale_134_12TET,200.0,300.0,800.0,1200.0,,,,,,,,
Pattern_Scale_135_12TET,100.0,200.0,300.0,800.0,1200.0,,,,,,,
Pattern_Scale_1376_12TET,600.0,700.0,900.0,1100.0,1200.0,,,,,,,
Pattern_Scale_137_12TET,100.0,400.0,800.0,1200.0,,,,,,,,
Pattern_Scale_138_12TET,200.0,400.0,800.0,1200.0,,,,,,,,
Pattern_Scale_139_12TET,100.0,200.0,400.0,800.0,1200.0,,,,,,,
Pattern_Scale_13_12TET,100.0,300.0,400.0,1200.0,,,,,,,,
Pattern_Scale_1408_12TET,800.0,900.0,1100.0,1200.0,,,,,,,,
Pattern_Scale_1409_12TET,100.0,800.0,900.0,1100.0,1200.0,,,,,,,
Pattern_Scale_140_12TET,300.0,400.0,800.0,1200.0,,,,,,,,
Pattern_Scale_1410_12TET,200.0,800.0,900.0,1100.0,1200.0,,,,,,,
Pattern_Scale_1412_12TET,300.0,800.0,900.0,1100.0,1200.0,,,,,,,
Pattern_Scale_1424_12TET,500.0,800.0,900.0,1100.0,1200.0,,,,,,,
Pattern_Scale_142_12TET,200.0,300.0,400.0,800.0,1200.0,,,,,,,
Pattern_Scale_1440_12TET,600.0,800.0,900.0,1100.0,1200.0,,,,,,,
Pattern_Scale_1472_12TET,700.0,800.0,900.0,1100.0,1200.0,,,,,,,
Pattern_Scale_147_12TET,100.0,200.0,500.0,800.0,1200.0,,,,,,,
Pattern_Scale_148_12TET,300.0,500.0,800.0,1200.0,,,,,,,,
Pattern_Scale_14_12TET,200.0,300.0,400.0,1200.0,,,,,,,,
Pattern_Scale_152_12TET,400.0,500.0,800.0,1200.0,,,,,,,,
Pattern_Scale_1536_12TET,1000.0,1100.0,1200.0,,,,,,,,,
Pattern_Scale_1537_12TET,100.0,1000.0,1100.0,1200.0,,,,,,,,
Pattern_Scale_1538_12TET,200.0,1000.0,1100.0,1200.0,,,,,,,,
Pattern_Scale_1539_12TET,100.0,200.0,1000.0,1100.0,1200.0,,,,,,,
Pattern_Scale_1540_12TET,300.0,1000.0,1100.0,1200.0,,,,,,,,
Pattern_Scale_1541_12TET,100.0,300.0,1000.0,1100.0,1200.0,,,,,,,
Pattern_Scale_1542_12TET,200.0,300.0,1000.0,1100.0,1200.0,,,,,,,
Pattern_Scale_1544_12TET,400.0,1000.0,1100.0,1200.0,,,,,,,,
Pattern_Scale_1545_12TET,100.0,400.0,1000.0,1100.0,1200.0,,,,,,,
Pattern_Scale_1546_12TET,200.0,400.0,1000.0,1100.0,1200.0,,,,,,,
Pattern_Scale_1548_12TET,300.0,400.0,1000.0,1100.0,1200.0,,,,,,,
Pattern_Scale_154_12TET,200.0,400.0,500.0,800.0,1200.0,,,,,,,
Pattern_Scale_1552_12TET,500.0,1000.0,1100.0,1200.0,,,,,,,,
Pattern_Scale_1553_12TET,100.0,500.0,1000.0,1100.0,1200.0,,,,,,,
Pattern_Scale_1554_12TET,200.0,500.0,1000.0,1100.0,1200.0,,,,,,,
Pattern_Scale_1556_12TET,300.0,500.0,1000.0,1100.0,1200.0,,,,,,,
Pattern_Scale_1560_12TET,400.0,500.0,1000.0,1100.0,1200.0,,,,,,,
Pattern_Scale_1568_12TET,600.0,1000.0,1100.0,1200.0,,,,,,,,
Pattern_Scale_1569_12TET,100.0,600.0,1000.0,1100.0,1200.0,,,,,,,
Pattern_Scale_156_12TET,300.0,400.0,500.0,800.0,1200.0,,,,,,,
Pattern_Scale_1570_12TET,200.0,600.0,1000.0,1100.0,1200.0,,,,,,,
Pattern_Scale_1572_12TET,300.0,600.0,1000.0,1100.0,1200.0,,,,,,,
Pattern_Scale_1576_12TET,400.0,600.0,1000.0,1100.0,1200.0,,,,,,,
Pattern_Scale_1584_12TET,500.0,600.0,1000.0,1100.0,1200.0,,,,,,,
Pattern_Scale_15_12TET,100.0,200.0,300.0,400.0,1200.0,,,,,,,
Pattern_Scale_1600_12TET,700.0,1000.0,1100.0,1200.0,,,,,,,,
Pattern_Scale_1601_12TET,100.0,700.0,1000.0,1100.0,1200.0,,,,,,,
Pattern_Scale_1602_12TET,200.0,700.0,1000.0,1100.0,1200.0,,,,,,,
Pattern_Scale_1604_12TET,300.0,700.0,1000.0,1100.0,1200.0,,,,,,,
Pattern_Scale_1608_12TET,400.0,700.0,1000.0,1100.0,1200.0,,,,,,,
Pattern_Scale_160_12TET,600.0,800.0,1200.0,,,,,,,,,
Pattern_Scale_1616_12TET,500.0,700.0,1000.0,1100.0,1200.0,,,,,,,
Pattern_Scale_161_12TET,100.0,600.0,800.0,1200.0,,,,,,,,
Pattern_Scale_1632_12TET,600.0,700.0,1000.0,1100.0,1200.0,,,,,,,
Pattern_Scale_163_12TET,100.0,200.0,600.0,800.0,1200.0,,,,,,,
Pattern_Scale_164_12TET,300.0,600.0,800.0,1200.0,,,,,,,,
Pattern_Scale_1664_12TET,800.0,1000.0,1100.0,1200.0,,,,,,,,
Pattern_Scale_1665_12TET,100.0,800.0,1000.0,1100.0,1200.0,,,,,,,
Pattern_Scale_1666_12TET,200.0,800.0,1000.0,1100.0,1200.0,,,,,,,
Pattern_Scale_1668_12TET,300.0,800.0,1000.0,1100.0,1200.0,,,,,,,
Pattern_Scale_166_12TET,200.0,300.0,600.0,800.0,1200.0,,,,,,,
Pattern_Scale_1672_12TET,400.0,800.0,1000.0,1100.0,1200.0,,,,,,,
Pattern_Scale_1680_12TET,500.0,800.0,1000.0,1100.0,1200.0,,,,,,,
Pattern_Scale_168_12TET,400.0,600.0,800.0,1200.0,,,,,,,,
Pattern_Scale_1696_12TET,600.0,800.0,1000.0,1100.0,1200.0,,,,,,,
Pattern_Scale_169_12TET,100.0,400.0,600.0,800.0,1200.0,,,,,,,
Pattern_Scale_170_12TET,200.0,400.0,600.0,800.0,1200.0,,,,,,,
Pattern_Scale_1728_12TET,700.0,800.0,1000.0,1100.0,1200.0,,,,,,,
Pattern_Scale_172_12TET,300.0,400.0,600.0,800.0,1200.0,,,,,,,
Pattern_Scale_176_12TET,500.0,600.0,800.0,1200.0,,,,,,,,
Pattern_Scale_178_12TET,200.0,500.0,600.0,800.0,1200.0,,,,,,,
Pattern_Scale_1792_12TET,900.0,1000.0,1100.0,1200.0,,,,,,,,
Pattern_Scale_1793_12TET,100.0,900.0,1000.0,1100.0,1200.0,,,,,,,
Pattern_Scale_1794_12TET,200.0,900.0,1000.0,1100.0,1200.0,,,,,,,
Pattern_Scale_1796_12TET,300.0,900.0,1000.0,1100.0,1200.0,,,,,,,
Pattern_Scale_17_12TET,100.0,500.0,1200.0,,,,,,,,,
Pattern_Scale_1800_12TET,400.0,900.0,1000.0,1100.0,1200.0,,,,,,,
Pattern_Scale_1808_12TET,500.0,900.0,1000.0,1100.0,1200.0,,,,,,,
Pattern_Scale_180_12TET,300.0,500.0,600.0,800.0,1200.0,,,,,,,
Pattern_Scale_1824_12TET,600.0,900.0,1000.0,1100.0,1200.0,,,,,,,
Pattern_Scale_184_12TET,400.0,500.0,600.0,800.0,1200.0,,,,,,,
Pattern_Scale_1856_12TET,700.0,900.0,1000.0,1100.0,1200.0,,,,,,,
Pattern_Scale_18_12TET,200.0,500.0,1200.0,,,,,,,,,
Pattern_Scale_1920_12TET,800.0,900.0,1000.0,1100.0,1200.0,,,,,,,
Pattern_Scale_192_12TET,700.0,800.0,1200.0,,,,,,,,,
Pattern_Scale_193_12TET,100.0,700.0,800.0,1200.0,,,,,,,,
Pattern_Scale_194_12TET,200.0,700.0,800.0,1200.0,,,,,,,,
Pattern_Scale_195_12TET,100.0,200.0,700.0,800.0,1200.0,,,,,,,
Pattern_Scale_196_12TET,300.0,700.0,800.0,1200.0,,,,,,,,
Pattern_Scale_19_12TET,100.0,200.0,500.0,1200.0,,,,,,,,
Pattern_Scale_200_12TET,400.0,700.0,800.0,1200.0,,,,,,,,
Pattern_Scale_204_12TET,300.0,400.0,700.0,800.0,1200.0,,,,,,,
Pattern_Scale_208_12TET,500.0,700.0,800.0,1200.0,,,,,,,,
Pattern_Scale_21_12TET,100.0,300.0,500.0,1200.0,,,,,,,,
Pattern_Scale_224_12TET,600.0,700.0,800.0,1200.0,,,,,,,,
Pattern_Scale_226_12TET,200.0,600.0,700.0,800.0,1200.0,,,,,,,
Pattern_Scale_228_12TET,300.0,600.0,700.0,800.0,1200.0,,,,,,,
Pattern_Scale_22_12TET,200.0,300.0,500.0,1200.0,,,,,,,,
Pattern_Scale_232_12TET,400.0,600.0,700.0,800.0,1200.0,,,,,,,
Pattern_Scale_23_12TET,100.0,200.0,300.0,500.0,1200.0,,,,,,,
Pattern_Scale_240_12TET,500.0,600.0,700.0,800.0,1200.0,,,,,,,
Pattern_Scale_24_12TET,400.0,500.0,1200.0,,,,,,,,,
Pattern_Scale_257_12TET,100.0,900.0,1200.0,,,,,,,,,
Pattern_Scale_258_12TET,200.0,900.0,1200.0,,,,,,,,,
Pattern_Scale_259_12TET,100.0,200.0,900.0,1200.0,,,,,,,,
Pattern_Scale_25_12TET,100.0,400.0,500.0,1200.0,,,,,,,,
Pattern_Scale_260_12TET,300.0,900.0,1200.0,,,,,,,,,
Pattern_Scale_261_12TET,100.0,300.0,900.0,1200.0,,,,,,,,
Pattern_Scale_262_12TET,200.0,300.0,900.0,1200.0,,,,,,,,
Pattern_Scale_263_12TET,100.0,200.0,300.0,900.0,1200.0,,,,,,,
Pattern_Scale_265_12TET,100.0,400.0,900.0,1200.0,,,,,,,,
Pattern_Scale_266_12TET,200.0,400.0,900.0,1200.0,,,,,,,,
Pattern_Scale_267_12TET,100.0,200.0,400.0,900.0,1200.0,,,,,,,
Pattern_Scale_268_12TET,300.0,400.0,900.0,1200.0,,,,,,,,
Pattern_Scale_269_12TET,100.0,300.0,400.0,900.0,1200.0,,,,,,,
Pattern_Scale_26_12TET,200.0,400.0,500.0,1200.0,,,,,,,,
Pattern_Scale_270_12TET,200.0,300.0,400.0,900.0,1200.0,,,,,,,
Pattern_Scale_273_12TET,100.0,500.0,900.0,1200.0,,,,,,,,
Pattern_Scale_275_12TET,100.0,200.0,500.0,900.0,1200.0,,,,,,,
Pattern_Scale_276_12TET,300.0,500.0,900.0,1200.0,,,,,,,,
Pattern_Scale_277_12TET,100.0,300.0,500.0,900.0,1200.0,,,,,,,
Pattern_Scale_27_12TET,100.0,200.0,400.0,500.0,1200.0,,,,,,,
Pattern_Scale_280_12TET,400.0,500.0,900.0,1200.0,,,,,,,,
Pattern_Scale_281_12TET,100.0,400.0,500.0,900.0,1200.0,,,,,,,
Pattern_Scale_282_12TET,200.0,400.0,500.0,900.0,1200.0,,,,,,,
Pattern_Scale_284_12TET,300.0,400.0,500.0,900.0,1200.0,,,,,,,
Pattern_Scale_288_12TET,600.0,900.0,1200.0,,,,,,,,,
Pattern_Scale_289_12TET,100.0,600.0,900.0,1200.0,,,,,,,,
Pattern_Scale_28_12TET,300.0,400.0,500.0,1200.0,,,,,,,,
Pattern_Scale_290_12TET,200.0,600.0,900.0,1200.0,,,,,,,,
Pattern_Scale_291_12TET,100.0,200.0,600.0,900.0,1200.0,,,,,,,
Pattern_Scale_293_12TET,100.0,300.0,600.0,900.0,1200.0,,,,,,,
Pattern_Scale_294_12TET,200.0,300.0,600.0,900.0,1200.0,,,,,,,
Pattern_Scale_296_12TET,400.0,600.0,900.0,1200.0,,,,,,,,
Pattern_Scale_297_12TET,100.0,400.0,600.0,900.0,1200.0,,,,,,,
Pattern_Scale_29_12TET,100.0,300.0,400.0,500.0,1200.0,,,,,,,
Pattern_Scale_300_12TET,300.0,400.0,600.0,900.0,1200.0,,,,,,,
Pattern_Scale_304_12TET,500.0,600.0,900.0,1200.0,,,,,,,,
Pattern_Scale_305_12TET,100.0,500.0,600.0,900.0,1200.0,,,,,,,
Pattern_Scale_306_12TET,200.0,500.0,600.0,900.0,1200.0,,,,,,,
Pattern_Scale_308_12TET,300.0,500.0,600.0,900.0,1200.0,,,,,,,
Pattern_Scale_30_12TET,200.0,300.0,400.0,500.0,1200.0,,,,,,,
Pattern_Scale_312_12TET,400.0,500.0,600.0,900.0,1200.0,,,,,,,
Pattern_Scale_320_12TET,700.0,900.0,1200.0,,,,,,,,,
Pattern_Scale_321_12TET,100.0,700.0,900.0,1200.0,,,,,,,,
Pattern_Scale_322_12TET,200.0,700.0,900.0,1200.0,,,,,,,,
Pattern_Scale_323_12TET,100.0,200.0,700.0,900.0,1200.0,,,,,,,
Pattern_Scale_325_12TET,100.0,300.0,700.0,900.0,1200.0,,,,,,,
Pattern_Scale_336_12TET,500.0,700.0,900.0,1200.0,,,,,,,,
Pattern_Scale_34_12TET,200.0,600.0,1200.0,,,,,,,,,
Pattern_Scale_352_12TET,600.0,700.0,900.0,1200.0,,,,,,,,
Pattern_Scale_353_12TET,100.0,600.0,700.0,900.0,1200.0,,,,,,,
Pattern_Scale_356_12TET,300.0,600.0,700.0,900.0,1200.0,,,,,,,
Pattern_Scale_35_12TET,100.0,200.0,600.0,1200.0,,,,,,,,
Pattern_Scale_368_12TET,500.0,600.0,700.0,900.0,1200.0,,,,,,,
Pattern_Scale_37_12TET,100.0,300.0,600.0,1200.0,,,,,,,,
Pattern_Scale_384_12TET,800.0,900.0,1200.0,,,,,,,,,
Pattern_Scale_385_12TET,100.0,800.0,900.0,1200.0,,,,,,,,
Pattern_Scale_386_12TET,200.0,800.0,900.0,1200.0,,,,,,,,
Pattern_Scale_388_12TET,300.0,800.0,900.0,1200.0,,,,,,,,
Pattern_Scale_389_12TET,100.0,300.0,800.0,900.0,1200.0,,,,,,,
Pattern_Scale_38_12TET,200.0,300.0,600.0,1200.0,,,,,,,,
Pattern_Scale_390_12TET,200.0,300.0,800.0,900.0,1200.0,,,,,,,
Pattern_Scale_392_12TET,400.0,800.0,900.0,1200.0,,,,,,,,
Pattern_Scale_393_12TET,100.0,400.0,800.0,900.0,1200.0,,,,,,,
Pattern_Scale_394_12TET,200.0,400.0,800.0,900.0,1200.0,,,,,,,
Pattern_Scale_396_12TET,300.0,400.0,800.0,900.0,1200.0,,,,,,,
Pattern_Scale_39_12TET,100.0,200.0,300.0,600.0,1200.0,,,,,,,
Pattern_Scale_3_12TET,100.0,200.0,1200.0,,,,,,,,,
Pattern_Scale_400_12TET,500.0,800.0,900.0,1200.0,,,,,,,,
Pattern_Scale_401_12TET,100.0,500.0,800.0,900.0,1200.0,,,,,,,
Pattern_Scale_402_12TET,200.0,500.0,800.0,900.0,1200.0,,,,,,,
Pattern_Scale_404_12TET,300.0,500.0,800.0,900.0,1200.0,,,,,,,
Pattern_Scale_408_12TET,400.0,500.0,800.0,900.0,1200.0,,,,,,,
Pattern_Scale_40_12TET,400.0,600.0,1200.0,,,,,,,,,
Pattern_Scale_416_12TET,600.0,800.0,900.0,1200.0,,,,,,,,
Pattern_Scale_417_12TET,100.0,600.0,800.0,900.0,1200.0,,,,,,,
Pattern_Scale_418_12TET,200.0,600.0,800.0,900.0,1200.0,,,,,,,
Pattern_Scale_41_12TET,100.0,400.0,600.0,1200.0,,,,,,,,
Pattern_Scale_420_12TET,300.0,600.0,800.0,900.0,1200.0,,,,,,,
Pattern_Scale_424_12TET,400.0,600.0,800.0,900.0,1200.0,,,,,,,
Pattern_Scale_42_12TET,200.0,400.0,600.0,1200.0,,,,,,,,
Pattern_Scale_432_12TET,500.0,600.0,800.0,900.0,1200.0,,,,,,,
Pattern_Scale_43_12TET,100.0,200.0,400.0,600.0,1200.0,,,,,,,
Pattern_Scale_448_12TET,700.0,800.0,900.0,1200.0,,,,,,,,
Pattern_Scale_449_12TET,100.0,700.0,800.0,900.0,1200.0,,,,,,,
Pattern_Scale_44_12TET,300.0,400.0,600.0,1200.0,,,,,,,,
Pattern_Scale_450_12TET,200.0,700.0,800.0,900.0,1200.0,,,,,,,
Pattern_Scale_452_12TET,300.0,700.0,800.0,900.0,1200.0,,,,,,,
Pattern_Scale_456_12TET,400.0,700.0,800.0,900.0,1200.0,,,,,,,
Pattern_Scale_45_12TET,100.0,300.0,400.0,600.0,1200.0,,,,,,,
Pattern_Scale_464_12TET,500.0,700.0,800.0,900.0,1200.0,,,,,,,
Pattern_Scale_46_12TET,200.0,300.0,400.0,600.0,1200.0,,,,,,,
Pattern_Scale_480_12TET,600.0,700.0,800.0,900.0,1200.0,,,,,,,
Pattern_Scale_48_12TET,500.0,600.0,1200.0,,,,,,,,,
Pattern_Scale_49_12TET,100.0,500.0,600.0,1200.0,,,,,,,,
Pattern_Scale_50_12TET,200.0,500.0,600.0,1200.0,,,,,,,,
Pattern_Scale_513_12TET,100.0,1000.0,1200.0,,,,,,,,,
Pattern_Scale_514_12TET,200.0,1000.0,1200.0,,,,,,,,,
Pattern_Scale_515_12TET,100.0,200.0,1000.0,1200.0,,,,,,,,
Pattern_Scale_516_12TET,300.0,1000.0,1200.0,,,,,,,,,
Pattern_Scale_517_12TET,100.0,300.0,1000.0,1200.0,,,,,,,,
Pattern_Scale_519_12TET,100.0,200.0,300.0,1000.0,1200.0,,,,,,,
Pattern_Scale_51_12TET,100.0,200.0,500.0,600.0,1200.0,,,,,,,
Pattern_Scale_521_12TET,100.0,400.0,1000.0,1200.0,,,,,,,,
Pattern_Scale_522_12TET,200.0,400.0,1000.0,1200.0,,,,,,,,
Pattern_Scale_523_12TET,100.0,200.0,400.0,1000.0,1200.0,,,,,,,
Pattern_Scale_524_12TET,300.0,400.0,1000.0,1200.0,,,,,,,,
Pattern_Scale_525_12TET,100.0,300.0,400.0,1000.0,1200.0,,,,,,,
Pattern_Scale_526_12TET,200.0,300.0,400.0,1000.0,1200.0,,,,,,,
Pattern_Scale_529_12TET,100.0,500.0,1000.0,1200.0,,,,,,,,
Pattern_Scale_52_12TET,300.0,500.0,600.0,1200.0,,,,,,,,
Pattern_Scale_530_12TET,200.0,500.0,1000.0,1200.0,,,,,,,,
Pattern_Scale_531_12TET,100.0,200.0,500.0,1000.0,1200.0,,,,,,,
Pattern_Scale_533_12TET,100.0,300.0,500.0,1000.0,1200.0,,,,,,,
Pattern_Scale_534_12TET,200.0,300.0,500.0,1000.0,1200.0,,,,,,,
Pattern_Scale_536_12TET,400.0,500.0,1000.0,1200.0,,,,,,,,
Pattern_Scale_537_12TET,100.0,400.0,500.0,1000.0,1200.0,,,,,,,
Pattern_Scale_538_12TET,200.0,400.0,500.0,1000.0,1200.0,,,,,,,
Pattern_Scale_53_12TET,100.0,300.0,500.0,600.0,1200.0,,,,,,,
Pattern_Scale_540_12TET,300.0,400.0,500.0,1000.0,1200.0,,,,,,,
Pattern_Scale_544_12TET,600.0,1000.0,1200.0,,,,,,,,,
Pattern_Scale_545_12TET,100.0,600.0,1000.0,1200.0,,,,,,,,
Pattern_Scale_546_12TET,200.0,600.0,1000.0,1200.0,,,,,,,,
Pattern_Scale_547_12TET,100.0,200.0,600.0,1000.0,1200.0,,,,,,,
Pattern_Scale_549_12TET,100.0,300.0,600.0,1000.0,1200.0,,,,,,,
Pattern_Scale_54_12TET,200.0,300.0,500.0,600.0,1200.0,,,,,,,
Pattern_Scale_550_12TET,200.0,300.0,600.0,1000.0,1200.0,,,,,,,
Pattern_Scale_553_12TET,100.0,400.0,600.0,1000.0,1200.0,,,,,,,
Pattern_Scale_554_12TET,200.0,400.0,600.0,1000.0,1200.0,,,,,,,
Pattern_Scale_560_12TET,500.0,600.0,1000.0,1200.0,,,,,,,,
Pattern_Scale_562_12TET,200.0,500.0,600.0,1000.0,1200.0,,,,,,,
Pattern_Scale_568_12TET,400.0,500.0,600.0,1000.0,1200.0,,,,,,,
Pattern_Scale_56_12TET,400.0,500.0,600.0,1200.0,,,,,,,,
Pattern_Scale_576_12TET,700.0,1000.0,1200.0,,,,,,,,,
Pattern_Scale_577_12TET,100.0,700.0,1000.0,1200.0,,,,,,,,
Pattern_Scale_578_12TET,200.0,700.0,1000.0,1200.0,,,,,,,,
Pattern_Scale_579_12TET,100.0,200.0,700.0,1000.0,1200.0,,,,,,,
Pattern_Scale_57_12TET,100.0,400.0,500.0,600.0,1200.0,,,,,,,
Pattern_Scale_582_12TET,200.0,300.0,700.0,1000.0,1200.0,,,,,,,
Pattern_Scale_588_12TET,300.0,400.0,700.0,1000.0,1200.0,,,,,,,
Pattern_Scale_58_12TET,200.0,400.0,500.0,600.0,1200.0,,,,,,,
Pattern_Scale_5_12TET,100.0,300.0,1200.0,,,,,,,,,
Pattern_Scale_608_12TET,600.0,700.0,1000.0,1200.0,,,,,,,,
Pattern_Scale_609_12TET,100.0,600.0,700.0,1000.0,1200.0,,,,,,,
Pattern_Scale_60_12TET,300.0,400.0,500.0,600.0,1200.0,,,,,,,
Pattern_Scale_610_12TET,200.0,600.0,700.0,1000.0,1200.0,,,,,,,
Pattern_Scale_624_12TET,500.0,600.0,700.0,1000.0,1200.0,,,,,,,
Pattern_Scale_640_12TET,800.0,1000.0,1200.0,,,,,,,,,
Pattern_Scale_641_12TET,100.0,800.0,1000.0,1200.0,,,,,,,,
Pattern_Scale_642_12TET,200.0,800.0,1000.0,1200.0,,,,,,,,
Pattern_Scale_643_12TET,100.0,200.0,800.0,1000.0,1200.0,,,,,,,
Pattern_Scale_644_12TET,300.0,800.0,1000.0,1200.0,,,,,,,,
Pattern_Scale_645_12TET,100.0,300.0,800.0,1000.0,1200.0,,,,,,,
Pattern_Scale_646_12TET,200.0,300.0,800.0,1000.0,1200.0,,,,,,,
Pattern_Scale_649_12TET,100.0,400.0,800.0,1000.0,1200.0,,,,,,,
Pattern_Scale_650_12TET,200.0,400.0,800.0,1000.0,1200.0,,,,,,,
Pattern_Scale_652_12TET,300.0,400.0,800.0,1000.0,1200.0,,,,,,,
Pattern_Scale_656_12TET,500.0,800.0,1000.0,1200.0,,,,,,,,
Pattern_Scale_657_12TET,100.0,500.0,800.0,1000.0,1200.0,,,,,,,
Pattern_Scale_65_12TET,100.0,700.0,1200.0,,,,,,,,,
Pattern_Scale_664_12TET,400.0,500.0,800.0,1000.0,1200.0,,,,,,,
Pattern_Scale_672_12TET,600.0,800.0,1000.0,1200.0,,,,,,,,
Pattern_Scale_673_12TET,100.0,600.0,800.0,1000.0,1200.0,,,,,,,
Pattern_Scale_674_12TET,200.0,600.0,800.0,1000.0,1200.0,,,,,,,
Pattern_Scale_67_12TET,100.0,200.0,700.0,1200.0,,,,,,,,
Pattern_Scale_680_12TET,400.0,600.0,800.0,1000.0,1200.0,,,,,,,
Pattern_Scale_688_12TET,500.0,600.0,800.0,1000.0,1200.0,,,,,,,
Pattern_Scale_69_12TET,100.0,300.0,700.0,1200.0,,,,,,,,
Pattern_Scale_6_12TET,200.0,300.0,1200.0,,,,,,,,,
Pattern_Scale_704_12TET,700.0,800.0,1000.0,1200.0,,,,,,,,
Pattern_Scale_705_12TET,100.0,700.0,800.0,1000.0,1200.0,,,,,,,
Pattern_Scale_706_12TET,200.0,700.0,800.0,1000.0,1200.0,,,,,,,
Pattern_Scale_70_12TET,200.0,300.0,700.0,1200.0,,,,,,,,
Pattern_Scale_712_12TET,400.0,700.0,800.0,1000.0,1200.0,,,,,,,
Pattern_Scale_71_12TET,100.0,200.0,300.0,700.0,1200.0,,,,,,,
Pattern_Scale_720_12TET,500.0,700.0,800.0,1000.0,1200.0,,,,,,,
Pattern_Scale_736_12TET,600.0,700.0,800.0,1000.0,1200.0,,,,,,,
Pattern_Scale_73_12TET,100.0,400.0,700.0,1200.0,,,,,,,,
Pattern_Scale_75_12TET,100.0,200.0,400.0,700.0,1200.0,,,,,,,
Pattern_Scale_768_12TET,900.0,1000.0,1200.0,,,,,,,,,
Pattern_Scale_769_12TET,100.0,900.0,1000.0,1200.0,,,,,,,,
Pattern_Scale_76_12TET,300.0,400.0,700.0,1200.0,,,,,,,,
Pattern_Scale_770_12TET,200.0,900.0,1000.0,1200.0,,,,,,,,
Pattern_Scale_771_12TET,100.0,200.0,900.0,1000.0,1200.0,,,,,,,
Pattern_Scale_772_12TET,300.0,900.0,1000.0,1200.0,,,,,,,,
Pattern_Scale_773_12TET,100.0,300.0,900.0,1000.0,1200.0,,,,,,,
Pattern_Scale_774_12TET,200.0,300.0,900.0,1000.0,1200.0,,,,,,,
Pattern_Scale_776_12TET,400.0,900.0,1000.0,1200.0,,,,,,,,
Pattern_Scale_777_12TET,100.0,400.0,900.0,1000.0,1200.0,,,,,,,
Pattern_Scale_778_12TET,200.0,400.0,900.0,1000.0,1200.0,,,,,,,
Pattern_Scale_77_12TET,100.0,300.0,400.0,700.0,1200.0,,,,,,,
Pattern_Scale_780_12TET,300.0,400.0,900.0,1000.0,1200.0,,,,,,,
Pattern_Scale_784_12TET,500.0,900.0,1000.0,1200.0,,,,,,,,
Pattern_Scale_78_12TET,200.0,300.0,400.0,700.0,1200.0,,,,,,,
Pattern_Scale_7_12TET,100.0,200.0,300.0,1200.0,,,,,,,,
Pattern_Scale_800_12TET,600.0,900.0,1000.0,1200.0,,,,,,,,
Pattern_Scale_801_12TET,100.0,600.0,900.0,1000.0,1200.0,,,,,,,
Pattern_Scale_802_12TET,200.0,600.0,900.0,1000.0,1200.0,,,,,,,
Pattern_Scale_804_12TET,300.0,600.0,900.0,1000.0,1200.0,,,,,,,
Pattern_Scale_808_12TET,400.0,600.0,900.0,1000.0,1200.0,,,,,,,
Pattern_Scale_816_12TET,500.0,600.0,900.0,1000.0,1200.0,,,,,,,
Pattern_Scale_81_12TET,100.0,500.0,700.0,1200.0,,,,,,,,
Pattern_Scale_832_12TET,700.0,900.0,1000.0,1200.0,,,,,,,,
Pattern_Scale_833_12TET,100.0,700.0,900.0,1000.0,1200.0,,,,,,,
Pattern_Scale_836_12TET,300.0,700.0,900.0,1000.0,1200.0,,,,,,,
Pattern_Scale_83_12TET,100.0,200.0,500.0,700.0,1200.0,,,,,,,
Pattern_Scale_85_12TET,100.0,300.0,500.0,700.0,1200.0,,,,,,,
Pattern_Scale_864_12TET,600.0,700.0,900.0,1000.0,1200.0,,,,,,,
Pattern_Scale_88_12TET,400.0,500.0,700.0,1200.0,,,,,,,,
Pattern_Scale_896_12TET,800.0,900.0,1000.0,1200.0,,,,,,,,
Pattern_Scale_897_12TET,100.0,800.0,900.0,1000.0,1200.0,,,,,,,
Pattern_Scale_898_12TET,200.0,800.0,900.0,1000.0,1200.0,,,,,,,
Pattern_Scale_89_12TET,100.0,400.0,500.0,700.0,1200.0,,,,,,,
Pattern_Scale_900_12TET,300.0,800.0,900.0,1000.0,1200.0,,,,,,,
Pattern_Scale_904_12TET,400.0,800.0,900.0,1000.0,1200.0,,,,,,,
Pattern_Scale_912_12TET,500.0,800.0,900.0,1000.0,1200.0,,,,,,,
Pattern_Scale_928_12TET,600.0,800.0,900.0,1000.0,1200.0,,,,,,,
Pattern_Scale_92_12TET,300.0,400.0,500.0,700.0,1200.0,,,,,,,
Pattern_Scale_960_12TET,700.0,800.0,900.0,1000.0,1200.0,,,,,,,
Pattern_Scale_98_12TET,200.0,600.0,700.0,1200.0,,,,,,,,
Pattern_Scale_9_12TET,100.0,400.0,1200.0,,,,,,,,,
Pavani_12TET,100.0,200.0,600.0,700.0,900.0,1100.0,1200.0,,,,,
Pelog_Pelog7,271.0,571.0,677.0,947.0,1200.0,,,,,,,
Persian_12TET,100.0,400.0,500.0,600.0,800.0,1100.0,1200.0,,,,,
PhrygianAeolian_Mixed_12TET,100.0,200.0,300.0,500.0,700.0,800.0,1000.0,1200.0,,,,
PhrygianLocrian_Mixed_12TET,100.0,300.0,500.0,600.0,700.0,800.0,1000.0,1200.0,,,,
Phrygian_12TET,100.0,300.0,500.0,700.0,800.0,1000.0,1200.0,,,,,
Priya_12TET,300.0,600.0,700.0,1000.0,1200.0,,,,,,,
Prokofiev_12TET,100.0,300.0,500.0,600.0,800.0,1000.0,1100.0,1200.0,,,,
Prometheus_12TET,200.0,400.0,600.0,900.0,1000.0,1200.0,,,,,,
Prometheus_Neapolitan_12TET,100.0,400.0,600.0,900.0,1000.0,1200.0,,,,,,
Purukutika_12TET,500.0,700.0,900.0,1100.0,1200.0,,,,,,,
Purvi_Theta_12TET,100.0,400.0,600.0,700.0,800.0,1100.0,1200.0,,,,,
Pyramid_Hexatonic_12TET,200.0,300.0,500.0,600.0,900.0,1200.0,,,,,,
Raga_Abhogi_12TET,200.0,300.0,500.0,900.0,1200.0,,,,,,,
Raga_Amarasenapriya_12TET,200.0,300.0,600.0,700.0,1100.0,1200.0,,,,,,
Raga_Audav_Tukhari_12TET,200.0,300.0,500.0,800.0,1200.0,,,,,,,
Raga_Bagesri_12TET,200.0,300.0,500.0,900.0,1000.0,1200.0,,,,,,
Raga_Bauli_12TET,100.0,400.0,700.0,800.0,1100.0,1200.0,,,,,,
Raga_Bhankar_12TET,100.0,400.0,500.0,600.0,800.0,900.0,1200.0,,,,,
Raga_Bhanumanjari_12TET,300.0,400.0,500.0,700.0,1000.0,1200.0,,,,,,
Raga_Bhatiyar_12TET,100.0,400.0,500.0,600.0,700.0,900.0,1100.0,1200.0,,,,
Raga_Bhavani_2_12TET,100.0,300.0,600.0,800.0,1000.0,1200.0,,,,,,
Raga_Bhinna_Pancama_12TET,200.0,500.0,700.0,800.0,1100.0,1200.0,,,,,,
Raga_Bhupeshwari_12TET,200.0,400.0,700.0,800.0,1200.0,,,,,,,
Raga_Brindabani_Sarang_12TET,200.0,500.0,700.0,1000.0,1100.0,1200.0,,,,,,
Raga_Budhamanohari_12TET,200.0,400.0,500.0,700.0,1200.0,,,,,,,
Raga_Caturangini_12TET,200.0,400.0,600.0,700.0,1100.0,1200.0,,,,,,
Raga_Chandrajyoti_12TET,100.0,200.0,600.0,700.0,900.0,1200.0,,,,,,
Raga_Chhaya_Todi_12TET,100.0,300.0,600.0,800.0,1200.0,,,,,,,
Raga_Cintamani_12TET,200.0,300.0,600.0,700.0,800.0,900.0,1000.0,1200.0,,,,
Raga_Desh_12TET,200.0,500.0,700.0,1100.0,1200.0,,,,,,,
Raga_Deshgaur_12TET,100.0,700.0,800.0,1100.0,1200.0,,,,,,,
Raga_Dhavalangam_12TET,100.0,400.0,600.0,700.0,800.0,1200.0,,,,,,
Raga_Dipak_12TET,200.0,400.0,500.0,600.0,700.0,1200.0,,,,,,
Raga_Gandharavam_12TET,100.0,300.0,500.0,700.0,1000.0,1200.0,,,,,,
Raga_Gangatarangini_12TET,400.0,500.0,600.0,800.0,1100.0,1200.0,,,,,,
Raga_Gaula_12TET,100.0,400.0,500.0,700.0,1100.0,1200.0,,,,,,
Raga_Gaula_2_12TET,100.0,400.0,500.0,700.0,1000.0,1200.0,,,,,,
Raga_Gauri_12TET,100.0,500.0,700.0,1100.0,1200.0,,,,,,,
Raga_Ghantana_12TET,200.0,300.0,500.0,800.0,1100.0,1200.0,,,,,,
Raga_Gurjari_Todi_12TET,100.0,300.0,600.0,800.0,1100.0,1200.0,,,,,,
Raga_Hamsa_Vinodini_12TET,200.0,400.0,500.0,900.0,1100.0,1200.0,,,,,,
Raga_Hamsanandi_12TET,100.0,400.0,600.0,900.0,1100.0,1200.0,,,,,,
Raga_Hari_Nata_12TET,400.0,500.0,700.0,900.0,1100.0,1200.0,,,,,,
Raga_Hejjajji_12TET,100.0,400.0,600.0,800.0,900.0,1200.0,,,,,,
Raga_Jaganmohanam_12TET,200.0,600.0,700.0,800.0,1000.0,1200.0,,,,,,
Raga_Jivantika_12TET,100.0,500.0,700.0,900.0,1100.0,1200.0,,,,,,
Raga_Jivantini_12TET,300.0,600.0,700.0,1000.0,1100.0,1200.0,,,,,,
Raga_Jyoti_12TET,400.0,600.0,700.0,800.0,1000.0,1200.0,,,,,,
Raga_Kalagada_12TET,100.0,400.0,700.0,800.0,900.0,1200.0,,,,,,
Raga_Kalakanthi_12TET,100.0,500.0,700.0,800.0,900.0,1200.0,,,,,,
Raga_Kalavati_12TET,100.0,400.0,500.0,700.0,900.0,1200.0,,,,,,
Raga_Kamalamanohari_12TET,400.0,500.0,700.0,800.0,1000.0,1200.0,,,,,,
Raga_Kashyapi_12TET,100.0,300.0,700.0,800.0,1000.0,1200.0,,,,,,
Raga_Khamas_12TET,400.0,500.0,700.0,900.0,1000.0,1200.0,,,,,,
Raga_Kshanika_12TET,100.0,500.0,800.0,1100.0,1200.0,,,,,,,
Raga_Kumarapriya_12TET,100.0,200.0,800.0,1100.0,1200.0,,,,,,,
Raga_Kumud_12TET,200.0,400.0,700.0,900.0,1100.0,1200.0,,,,,,
Raga_Kumurdaki_12TET,200.0,400.0,600.0,1100.0,1200.0,,,,,,,
Raga_Lalita_12TET,100.0,400.0,500.0,800.0,1100.0,1200.0,,,,,,
Raga_Latika_12TET,200.0,400.0,700.0,800.0,1100.0,1200.0,,,,,,
Raga_Madhukauns_12TET,300.0,600.0,700.0,900.0,1000.0,1200.0,,,,,,
Raga_Madhuri_12TET,400.0,500.0,700.0,900.0,1000.0,1100.0,1200.0,,,,,
Raga_Malarani_12TET,200.0,600.0,700.0,1000.0,1100.0,1200.0,,,,,,
Raga_Malayamarutam_12TET,100.0,400.0,700.0,900.0,1000.0,1200.0,,,,,,
Raga_Manaranjani_I_12TET,100.0,400.0,700.0,1000.0,1200.0,,,,,,,
Raga_Manavi_12TET,200.0,300.0,700.0,900.0,1000.0,1200.0,,,,,,
Raga_Mandari_12TET,100.0,400.0,600.0,700.0,1100.0,1200.0,,,,,,
Raga_Matha_Kokila_12TET,200.0,700.0,900.0,1000.0,1200.0,,,,,,,
Raga_Megharanjani_12TET,100.0,400.0,500.0,800.0,1200.0,,,,,,,
Raga_Megharanji_12TET,100.0,400.0,500.0,1100.0,1200.0,,,,,,,
Raga_Mian_Ki_Malhar_12TET,200.0,300.0,500.0,700.0,900.0,1000.0,1100.0,1200.0,,,,
Raga_Mruganandana_12TET,200.0,400.0,600.0,900.0,1100.0,1200.0,,,,,,
Raga_Mukhari_12TET,200.0,300.0,500.0,700.0,800.0,900.0,1000.0,1200.0,,,,
Raga_Nabhomani_12TET,100.0,200.0,600.0,700.0,1200.0,,,,,,,
Raga_Nagagandhari_12TET,200.0,500.0,700.0,900.0,1100.0,1200.0,,,,,,
Raga_Nalinakanti_12TET,200.0,400.0,500.0,700.0,1100.0,1200.0,,,,,,
Raga_Navamanohari_12TET,200.0,500.0,700.0,800.0,1000.0,1200.0,,,,,,
Raga_Neelangi_12TET,200.0,300.0,600.0,800.0,900.0,1200.0,,,,,,
Raga_Neroshta_12TET,200.0,400.0,900.0,1100.0,1200.0,,,,,,,
Raga_Nishadi_12TET,200.0,600.0,700.0,900.0,1100.0,1200.0,,,,,,
Raga_Padi_12TET,100.0,500.0,700.0,800.0,1100.0,1200.0,,,,,,
Raga_Pahadi_12TET,200.0,400.0,500.0,700.0,800.0,900.0,1000.0,1100.0,1200.0,,,
Raga_Paraju_12TET,400.0,500.0,700.0,800.0,1100.0,1200.0,,,,,,
Raga_Phenadyuti_12TET,100.0,500.0,700.0,800.0,1000.0,1200.0,,,,,,
Raga_Pilu_12TET,200.0,300.0,500.0,700.0,800.0,900.0,1000.0,1100.0,1200.0,,,
Raga_Priyadharshini_12TET,200.0,500.0,800.0,1100.0,1200.0,,,,,,,
Raga_Purna_Pancama_12TET,100.0,400.0,500.0,700.0,800.0,1200.0,,,,,,
Raga_Purnalalita_12TET,200.0,300.0,500.0,700.0,1200.0,,,,,,,
Raga_Putrika_12TET,100.0,200.0,800.0,900.0,1200.0,,,,,,,
Raga_Rageshri_12TET,200.0,400.0,500.0,900.0,1000.0,1100.0,1200.0,,,,,
Raga_Rageshri_2_12TET,200.0,400.0,500.0,900.0,1000.0,1200.0,,,,,,
Raga_Ramkali_12TET,100.0,400.0,500.0,600.0,700.0,800.0,1100.0,1200.0,,,,
Raga_Ranjani_12TET,200.0,300.0,600.0,900.0,1100.0,1200.0,,,,,,
Raga_Rasamanjari_12TET,300.0,400.0,600.0,700.0,1100.0,1200.0,,,,,,
Raga_Rasavali_12TET,100.0,500.0,700.0,900.0,1000.0,1200.0,,,,,,
Raga_Rasika_Ranjani_12TET,100.0,400.0,700.0,900.0,1200.0,,,,,,,
Raga_Rasranjani_12TET,200.0,500.0,900.0,1100.0,1200.0,,,,,,,
Raga_Reva_12TET,100.0,400.0,700.0,800.0,1200.0,,,,,,,
Raga_Rudra_Pancama_12TET,100.0,400.0,500.0,900.0,1000.0,1200.0,,,,,,
Raga_Rukmangi_12TET,100.0,300.0,700.0,1000.0,1200.0,,,,,,,
Raga_Salagavarali_12TET,100.0,300.0,700.0,900.0,1000.0,1200.0,,,,,,
Raga_Sarasanana_12TET,200.0,400.0,500.0,800.0,1100.0,1200.0,,,,,,
Raga_Saravati_12TET,400.0,500.0,700.0,800.0,900.0,1200.0,,,,,,
Raga_Saugandhini_12TET,100.0,600.0,700.0,800.0,1200.0,,,,,,,
Raga_Saurashtra_12TET,100.0,400.0,500.0,700.0,800.0,900.0,1100.0,1200.0,,,,
Raga_Shri_Kalyan_12TET,200.0,600.0,700.0,900.0,1200.0,,,,,,,
Raga_Shubravarni_12TET,200.0,600.0,900.0,1100.0,1200.0,,,,,,,
Raga_Simharava_12TET,200.0,300.0,600.0,700.0,1000.0,1200.0,,,,,,
Raga_Sindhi-Bhairavi_12TET,100.0,200.0,300.0,400.0,500.0,700.0,800.0,1000.0,1100.0,1200.0,,
Raga_Sindhura_Kafi_12TET,200.0,300.0,500.0,700.0,1100.0,1200.0,,,,,,
Raga_Siva_Kambhoji_12TET,200.0,400.0,500.0,700.0,1000.0,1200.0,,,,,,
Raga_Sorati_12TET,200.0,500.0,700.0,900.0,1000.0,1100.0,1200.0,,,,,
Raga_Suddha_Bangala_12TET,200.0,300.0,500.0,700.0,900.0,1200.0,,,,,,
Raga_Suddha_Mukhari_12TET,100.0,200.0,500.0,800.0,900.0,1200.0,,,,,,
Raga_Suddha_Simantini_12TET,100.0,300.0,500.0,700.0,800.0,1200.0,,,,,,
Raga_Syamalam_12TET,200.0,300.0,600.0,700.0,800.0,1200.0,,,,,,
Raga_Tilang_12TET,400.0,500.0,700.0,1000.0,1100.0,1200.0,,,,,,
Raga_Trimurti_12TET,200.0,300.0,700.0,800.0,1000.0,1200.0,,,,,,
Raga_Vasanta_12TET,100.0,400.0,500.0,900.0,1100.0,1200.0,,,,,,
Raga_Vasantabhairavi_12TET,100.0,400.0,500.0,800.0,1000.0,1200.0,,,,,,
Raga_Vijayanagari_12TET,200.0,300.0,600.0,700.0,900.0,1200.0,,,,,,
Raga_Vijayasri_12TET,100.0,200.0,600.0,700.0,1100.0,1200.0,,,,,,
Raga_Vijayavasanta_12TET,400.0,600.0,700.0,1000.0,1100.0,1200.0,,,,,,
Raga_Viyogavarali_12TET,100.0,300.0,500.0,800.0,1100.0,1200.0,,,,,,
Raga_Vutari_12TET,400.0,600.0,700.0,900.0,1000.0,1200.0,,,,,,
Raga_Yamuna_Kalyani_12TET,200.0,400.0,600.0,700.0,900.0,1200.0,,,,,,
Ragavardini_12TET,300.0,400.0,500.0,700.0,800.0,1000.0,1200.0,,,,,
Raghupriya_12TET,100.0,200.0,600.0,700.0,1000.0,1100.0,1200.0,,,,,
Ramapriya_12TET,100.0,400.0,600.0,700.0,900.0,1000.0,1200.0,,,,,
Rasikapriya_12TET,300.0,400.0,600.0,700.0,1000.0,1100.0,1200.0,,,,,
Ratnangi_12TET,100.0,200.0,500.0,700.0,800.0,1000.0,1200.0,,,,,
Ritsu_12TET,100.0,300.0,500.0,800.0,1000.0,1200.0,,,,,,
Roopavati_12TET,100.0,300.0,500.0,700.0,1000.0,1100.0,1200.0,,,,,
Roumanian_Minor_12TET,200.0,300.0,600.0,700.0,900.0,1000.0,1200.0,,,,,
Ryukyu_12TET,400.0,500.0,700.0,1100.0,1200.0,,,,,,,
Sabach_12TET,200.0,300.0,400.0,700.0,800.0,1000.0,1200.0,,,,,
Safi_al-Dins_Maqam_Abu_Salik_AP17,90.0,294.0,498.0,588.0,792.0,996.0,1200.0,,,,,
Safi_al-Dins_Maqam_Higazi_AP17,180.0,294.0,498.0,678.0,882.0,996.0,1200.0,,,,,
Safi_al-Dins_Maqam_Husaini_AP17,180.0,294.0,498.0,678.0,792.0,996.0,1200.0,,,,,
Safi_al-Dins_Maqam_Nawa_AP17,204.0,294.0,498.0,702.0,792.0,996.0,1200.0,,,,,
Safi_al-Dins_Maqam_Rahawi_AP17,180.0,384.0,498.0,678.0,792.0,996.0,1200.0,,,,,
Safi_al-Dins_Maqam_Rast_AP17,204.0,384.0,498.0,702.0,882.0,996.0,1200.0,,,,,
Safi_al-Dins_Maqam_Ussaq_AP17,204.0,408.0,498.0,702.0,906.0,996.0,1200.0,,,,,
Safi_al-Dins_Maqam_Zangulah_AP17,204.0,384.0,498.0,678.0,882.0,996.0,1200.0,,,,,
Salagam_12TET,100.0,200.0,600.0,700.0,800.0,900.0,1200.0,,,,,
Sansagari_12TET,500.0,1000.0,1200.0,,,,,,,,,
Sansagari_Mode_Three_12TET,200.0,700.0,1200.0,,,,,,,,,
Sarasangi_12TET,200.0,400.0,500.0,700.0,800.0,1100.0,1200.0,,,,,
Sarasvati_12TET,200.0,600.0,700.0,900.0,1000.0,1200.0,,,,,,
Sarvasri_12TET,500.0,700.0,1200.0,,,,,,,,,
Sarvasri_Augmented_12TET,500.0,800.0,1200.0,,,,,,,,,
Scottish_Hexatonic_12TET,200.0,400.0,500.0,700.0,900.0,1200.0,,,,,,
Senavati_12TET,100.0,300.0,500.0,700.0,800.0,900.0,1200.0,,,,,
Shadvidamargini_12TET,100.0,300.0,600.0,700.0,900.0,1000.0,1200.0,,,,,
Shamalangi_12TET,200.0,300.0,600.0,700.0,800.0,900.0,1200.0,,,,,
Shanmukhapriya_12TET,200.0,300.0,600.0,700.0,800.0,1000.0,1200.0,,,,,
Shoolini_12TET,300.0,400.0,500.0,700.0,900.0,1100.0,1200.0,,,,,
Shostakovich_12TET,100.0,300.0,400.0,600.0,700.0,900.0,1100.0,1200.0,,,,
Six_Tone_Symmetric_12TET,100.0,400.0,500.0,800.0,900.0,1200.0,,,,,,
Sooryakantam_12TET,100.0,400.0,500.0,700.0,900.0,1100.0,1200.0,,,,,
Spanish_Gypsy_12TET,100.0,400.0,500.0,700.0,800.0,1000.0,1200.0,,,,,
Spanish_Phrygian_12TET,100.0,300.0,400.0,500.0,700.0,800.0,1000.0,1200.0,,,,
Sucharitra_12TET,300.0,400.0,600.0,700.0,800.0,900.0,1200.0,,,,,
Sumukam_12TET,200.0,600.0,1100.0,1200.0,,,,,,,,
Sunaren_Pelog7m5,108.0,270.0,645.0,794.0,1200.0,,,,,,,
Super-Locrian_Hexamirror_12TET,100.0,300.0,400.0,600.0,1000.0,1200.0,,,,,,
Suvarnangi_12TET,100.0,300.0,600.0,700.0,900.0,1100.0,1200.0,,,,,
Symmetrical_Decatonic_12TET,100.0,200.0,400.0,500.0,600.0,700.0,800.0,1000.0,1100.0,1200.0,,
Synthetic_Mixture_5_12TET,200.0,400.0,600.0,800.0,900.0,1000.0,1200.0,,,,,
Taishikicho_12TET,200.0,400.0,500.0,600.0,700.0,900.0,1000.0,1100.0,1200.0,,,
Takemitsu_Tree_Line_Mode_1_12TET,200.0,300.0,600.0,800.0,1100.0,1200.0,,,,,,
Takemitsu_Tree_Line_Mode_2_12TET,200.0,300.0,600.0,800.0,1000.0,1200.0,,,,,,
Takka_12TET,300.0,500.0,700.0,800.0,1100.0,1200.0,,,,,,
Tanaroopi_12TET,100.0,200.0,500.0,700.0,1000.0,1100.0,1200.0,,,,,
Tcherepnin_Octatonic_Mode_1_12TET,100.0,400.0,500.0,600.0,700.0,1000.0,1100.0,1200.0,,,,
Tcherepnin_Octatonic_Mode_2_12TET,100.0,200.0,500.0,600.0,700.0,800.0,1100.0,1200.0,,,,
Tembung_Pelog7m4,106.0,214.0,629.0,751.0,1200.0,,,,,,,
Tezeta_Minor_12TET,100.0,300.0,700.0,800.0,1200.0,,,,,,,
Tezeta_Minor_Mode_2_12TET,200.0,600.0,700.0,1100.0,1200.0,,,,,,,
Tezeta_Minor_Mode_4_12TET,100.0,500.0,600.0,800.0,1200.0,,,,,,,
Thai_Mode_1_7TET,171.0,343.0,686.0,857.0,1200.0,,,,,,,
Thai_Mode_2_7TET,171.0,514.0,686.0,1029.0,1200.0,,,,,,,
Thai_Mode_3_7TET,343.0,514.0,857.0,1029.0,1200.0,,,,,,,
Thai_Mode_5_7TET,171.0,514.0,686.0,857.0,1200.0,,,,,,,
Thai_Mode_6_7TET,343.0,514.0,686.0,1029.0,1200.0,,,,,,,
Tritone_Ditonic_12TET,600.0,1200.0,,,,,,,,,,
Ultra_Locrian_12TET,100.0,300.0,400.0,600.0,800.0,900.0,1200.0,,,,,
Ultraphrygian_12TET,100.0,300.0,400.0,700.0,800.0,900.0,1200.0,,,,,
Upper_Minor_Tetratonic_12TET,500.0,700.0,1000.0,1200.0,,,,,,,,
Ute_Tritonic_12TET,300.0,700.0,1200.0,,,,,,,,,
Ute_Tritonic_Augmented_12TET,300.0,800.0,1200.0,,,,,,,,,
Vachaspati_12TET,200.0,400.0,600.0,700.0,900.0,1000.0,1200.0,,,,,
Vagadheeshwari_12TET,300.0,400.0,500.0,700.0,900.0,1000.0,1200.0,,,,,
Valaji_12TET,400.0,700.0,900.0,1000.0,1200.0,,,,,,,
Van_der_Horst_Octatonic_12TET,100.0,300.0,500.0,600.0,700.0,900.0,1100.0,1200.0,,,,
Vanaspati_12TET,100.0,200.0,500.0,700.0,900.0,1000.0,1200.0,,,,,
Varamu_12TET,300.0,500.0,900.0,1000.0,1200.0,,,,,,,
Varini_12TET,300.0,700.0,800.0,1000.0,1200.0,,,,,,,
Varini_3_12TET,100.0,300.0,500.0,800.0,1200.0,,,,,,,
Varini_4_12TET,200.0,400.0,700.0,1100.0,1200.0,,,,,,,
Varini_5_12TET,200.0,500.0,900.0,1000.0,1200.0,,,,,,,
Varunapriya_12TET,200.0,300.0,500.0,700.0,1000.0,1100.0,1200.0,,,,,
Verdis_Enigmatic_Descending_12TET,100.0,200.0,400.0,700.0,800.0,1100.0,1200.0,,,,,
Verdis_Scala_Enigmatica_12TET,100.0,400.0,500.0,600.0,800.0,1000.0,1100.0,1200.0,,,,
Viennese_Tritonic_12TET,100.0,600.0,1200.0,,,,,,,,,
Vietnamese_Ditonic_12TET,200.0,1200.0,,,,,,,,,,
Vietnamese_Tritonic_12TET,300.0,500.0,1200.0,,,,,,,,,
Vishwambari_12TET,100.0,400.0,600.0,700.0,1000.0,1100.0,1200.0,,,,,
Warao_Ditonic_12TET,1000.0,1200.0,,,,,,,,,,
Warao_Tetratonic_12TET,200.0,300.0,1000.0,1200.0,,,,,,,,
Whole_Tone_12TET,200.0,400.0,600.0,800.0,1000.0,1200.0,,,,,,
Yagapriya_12TET,300.0,400.0,500.0,700.0,800.0,900.0,1200.0,,,,,
Yo_12TET,200.0,300.0,500.0,700.0,1000.0,1200.0,,,,,,
Youlan_12TET,100.0,200.0,400.0,500.0,600.0,700.0,900.0,1000.0,1200.0,,,
Zilaf_12TET,400.0,500.0,700.0,800.0,1200.0,,,,,,,
Zilaf_Mode_2_12TET,100.0,300.0,400.0,800.0,1200.0,,,,,,,
Zilaf_Mode_3_12TET,200.0,300.0,700.0,1100.0,1200.0,,,,,,,
Zilaf_Mode_4_12TET,100.0,500.0,900.0,1000.0,1200.0,,,,,,,
Zilaf_Mode_5_12TET,400.0,800.0,900.0,1100.0,1200.0,,,,,,,
Zirafkend_12TET,200.0,300.0,500.0,700.0,800.0,900.0,1100.0,1200.0,,,,
